"hour","type","duration","is_vip","players","winner"
"16","badminton",239,"true","[""golf"", ""volleyball"", ""bobsleigh"", ""boxing"", ""water polo"", ""weightlifting""]","weightlifting"
"9","taekwondo",53,"false","[""surfing"", ""wrestling"", ""badminton"", ""snowboarding""]","badminton"
"6","fencing",222,"false","[""shooting"", ""weightlifting""]","weightlifting"
"23","cricket",183,"false","[""running"", ""kickboxing"", ""billiards"", ""golf"", ""baseball""]","running"
"19","bobsleigh",243,"false","[""football"", ""karate"", ""bobsleigh"", ""basketball"", ""ice hockey""]","ice hockey"
"21","cricket",170,"true","[""luge"", ""cycling"", ""pingpong"", ""chess""]","luge"
"9","cycling",94,"true","[""cycling"", ""luge"", ""polo"", ""biathlon"", ""wrestling"", ""table tennis""]","table tennis"
"13","snooker",209,"false","[""taekwondo"", ""mma""]","taekwondo"
"20","billiards",116,"false","[""shooting"", ""fishing"", ""biathlon"", ""hockey""]","biathlon"
"13","luge",246,"true","[""cricket"", ""snooker"", ""football"", ""soccer"", ""golf"", ""hunting""]","cricket"
"13","snowboarding",285,"false","[""equestrian"", ""judo"", ""skating"", ""sailing"", ""skiing""]","skiing"
"14","hockey",133,"true","[""sailing"", ""taekwondo"", ""weightlifting""]","weightlifting"
"14","archery",173,"false","[""boxing"", ""mma""]","boxing"
"23","skating",248,"true","[""karate"", ""darts"", ""hockey"", ""chess"", ""skiing"", ""bowling""]","darts"
"17","rowing",181,"true","[""pingpong"", ""water polo"", ""biathlon""]","pingpong"
"12","cricket",122,"false","[""cycling"", ""football"", ""karate"", ""table tennis"", ""skiing""]","karate"
"20","football",153,"true","[""sailing"", ""pingpong"", ""judo"", ""bowling""]","pingpong"
"2","rowing",266,"false","[""football"", ""basketball"", ""water polo"", ""weightlifting"", ""rugby""]","basketball"
"19","polo",165,"false","[""bobsleigh"", ""polo"", ""skating""]","polo"
"21","horse racing",208,"false","[""polo"", ""rugby"", ""gymnastics"", ""hockey"", ""badminton""]","polo"
"6","running",250,"false","[""billiards"", ""water polo"", ""mma"", ""fishing""]","fishing"
"20","snooker",35,"true","[""cycling"", ""swimming"", ""horse racing"", ""chess""]","swimming"
"18","table tennis",271,"false","[""bobsleigh"", ""table tennis"", ""polo""]","polo"
"21","judo",232,"true","[""volleyball"", ""basketball"", ""horse racing"", ""hockey"", ""golf""]","horse racing"
"19","rugby",278,"false","[""football"", ""equestrian"", ""rowing"", ""skiing""]","football"
"11","gymnastics",137,"true","[""sailing"", ""kickboxing""]","kickboxing"
"11","shooting",191,"false","[""horse racing"", ""judo""]","judo"
"4","running",59,"true","[""surfing"", ""snowboarding"", ""weightlifting""]","weightlifting"
"9","badminton",99,"true","[""luge"", ""polo"", ""taekwondo"", ""ice hockey""]","polo"
"13","table tennis",44,"false","[""cycling"", ""tennis"", ""bobsleigh"", ""table tennis"", ""rugby""]","table tennis"
"9","ice hockey",56,"false","[""boxing"", ""chess""]","chess"
"5","sailing",245,"true","[""cricket"", ""shooting"", ""volleyball"", ""bobsleigh"", ""boxing"", ""chess""]","shooting"
"8","polo",209,"true","[""surfing"", ""tennis"", ""fishing"", ""billiards"", ""golf""]","billiards"
"12","swimming",100,"false","[""bobsleigh"", ""luge"", ""running""]","running"
"2","cycling",77,"true","[""judo"", ""badminton""]","judo"
"21","shooting",175,"false","[""fencing"", ""swimming"", ""skiing""]","fencing"
"24","table tennis",239,"false","[""wrestling"", ""water polo"", ""gymnastics""]","gymnastics"
"6","skiing",78,"true","[""surfing"", ""fencing"", ""snooker"", ""sailing"", ""bowling""]","snooker"
"14","snooker",171,"true","[""sailing"", ""badminton"", ""baseball"", ""rugby""]","badminton"
"18","water polo",116,"true","[""biathlon"", ""gymnastics""]","biathlon"
"5","shooting",270,"true","[""cricket"", ""darts"", ""chess""]","chess"
"16","karate",290,"true","[""surfing"", ""swimming"", ""snooker"", ""gymnastics""]","swimming"
"4","fencing",116,"false","[""cricket"", ""surfing"", ""boxing"", ""hunting"", ""billiards"", ""bowling""]","billiards"
"15","volleyball",67,"false","[""darts"", ""hockey"", ""running"", ""bowling""]","running"
"17","karate",137,"false","[""swimming"", ""running"", ""bowling"", ""poker"", ""fishing"", ""hunting""]","running"
"16","surfing",189,"true","[""surfing"", ""table tennis"", ""judo"", ""archery""]","archery"
"10","mma",41,"false","[""surfing"", ""chess""]","surfing"
"21","badminton",51,"true","[""tennis"", ""curling"", ""running"", ""kickboxing"", ""rugby""]","curling"
"21","skating",110,"true","[""volleyball"", ""tennis"", ""pingpong""]","tennis"
"2","weightlifting",122,"true","[""pingpong"", ""bowling""]","bowling"
"21","fencing",230,"true","[""pingpong"", ""baseball"", ""biathlon"", ""darts""]","darts"
"7","surfing",299,"true","[""shooting"", ""snowboarding"", ""judo""]","shooting"
"16","skiing",262,"true","[""surfing"", ""polo"", ""archery"", ""taekwondo"", ""bobsleigh"", ""bowling""]","polo"
"20","fishing",46,"true","[""water polo"", ""baseball"", ""curling""]","baseball"
"17","hockey",180,"true","[""luge"", ""curling""]","luge"
"5","surfing",180,"true","[""curling"", ""basketball"", ""chess"", ""billiards"", ""pingpong"", ""rugby""]","pingpong"
"9","chess",292,"true","[""football"", ""equestrian"", ""water polo""]","equestrian"
"18","darts",278,"true","[""cycling"", ""running"", ""skiing"", ""chess"", ""pingpong"", ""weightlifting""]","skiing"
"14","pingpong",111,"false","[""luge"", ""biathlon"", ""karate"", ""horse racing"", ""baseball"", ""skiing""]","biathlon"
"18","fencing",132,"true","[""soccer"", ""basketball"", ""polo""]","soccer"
"12","golf",149,"true","[""archery"", ""hockey"", ""curling""]","hockey"
"4","equestrian",188,"true","[""basketball"", ""judo"", ""gymnastics"", ""equestrian""]","judo"
"10","squash",235,"false","[""biathlon"", ""snooker"", ""skating"", ""wrestling"", ""weightlifting""]","snooker"
"13","baseball",141,"true","[""boxing"", ""chess""]","boxing"
"11","basketball",289,"false","[""fencing"", ""judo"", ""curling"", ""archery"", ""basketball""]","curling"
"22","weightlifting",269,"false","[""fencing"", ""poker""]","poker"
"11","bobsleigh",243,"true","[""skating"", ""karate"", ""weightlifting"", ""running""]","skating"
"2","archery",114,"false","[""luge"", ""cricket"", ""volleyball"", ""wrestling"", ""bowling""]","luge"
"15","billiards",62,"true","[""archery"", ""shooting"", ""volleyball"", ""hockey"", ""wrestling""]","shooting"
"9","golf",265,"false","[""cricket"", ""equestrian"", ""squash"", ""volleyball"", ""basketball"", ""hunting""]","volleyball"
"15","hunting",289,"false","[""horse racing"", ""archery""]","horse racing"
"6","wrestling",271,"false","[""cycling"", ""surfing"", ""squash"", ""shooting"", ""rowing"", ""table tennis""]","cycling"
"21","fishing",300,"false","[""badminton"", ""water polo"", ""rugby""]","badminton"
"2","football",157,"false","[""snowboarding"", ""volleyball"", ""mma"", ""chess""]","chess"
"3","rugby",298,"true","[""fencing"", ""darts"", ""hunting"", ""pingpong"", ""rugby""]","fencing"
"18","horse racing",94,"false","[""fishing"", ""karate"", ""rugby""]","karate"
"11","hockey",141,"true","[""football"", ""taekwondo"", ""kickboxing"", ""table tennis"", ""water polo"", ""badminton""]","water polo"
"24","poker",289,"false","[""luge"", ""fencing"", ""judo"", ""snooker"", ""volleyball"", ""badminton""]","judo"
"10","sailing",193,"true","[""luge"", ""tennis"", ""snooker"", ""darts"", ""horse racing""]","horse racing"
"16","curling",223,"false","[""rowing"", ""poker"", ""ice hockey"", ""baseball"", ""skiing""]","baseball"
"18","biathlon",77,"true","[""snowboarding"", ""wrestling"", ""kickboxing""]","snowboarding"
"14","badminton",84,"false","[""cricket"", ""billiards"", ""skating"", ""rowing"", ""table tennis"", ""skiing""]","skiing"
"24","gymnastics",185,"false","[""surfing"", ""luge"", ""polo"", ""archery"", ""hockey"", ""water polo""]","luge"
"1","skiing",185,"true","[""equestrian"", ""snooker"", ""squash"", ""football"", ""archery""]","archery"
"18","wrestling",88,"false","[""biathlon"", ""taekwondo"", ""running"", ""snowboarding"", ""badminton"", ""rugby""]","snowboarding"
"1","rugby",42,"true","[""polo"", ""bobsleigh"", ""golf"", ""weightlifting"", ""bowling""]","bowling"
"2","taekwondo",222,"true","[""luge"", ""curling"", ""sailing"", ""kickboxing"", ""horse racing""]","horse racing"
"3","squash",123,"true","[""basketball"", ""gymnastics""]","basketball"
"20","basketball",249,"false","[""skating"", ""bowling""]","bowling"
"19","horse racing",250,"false","[""mma"", ""bowling""]","mma"
"18","running",32,"false","[""football"", ""chess""]","chess"
"23","rugby",237,"true","[""equestrian"", ""biathlon"", ""judo"", ""pingpong"", ""golf""]","pingpong"
"16","basketball",297,"true","[""biathlon"", ""volleyball"", ""rowing"", ""boxing"", ""darts"", ""hunting""]","biathlon"
"16","poker",114,"true","[""football"", ""swimming"", ""baseball"", ""gymnastics""]","baseball"
"18","snooker",214,"false","[""wrestling"", ""chess""]","wrestling"
"24","karate",289,"true","[""fencing"", ""skating"", ""horse racing"", ""chess"", ""skiing""]","skating"
"23","gymnastics",121,"true","[""basketball"", ""judo""]","basketball"
"9","luge",151,"false","[""volleyball"", ""baseball"", ""hockey""]","volleyball"
"8","boxing",91,"false","[""surfing"", ""poker""]","surfing"
"4","tennis",173,"true","[""football"", ""surfing"", ""curling""]","surfing"
"20","table tennis",211,"false","[""billiards"", ""karate"", ""horse racing"", ""fishing"", ""pingpong"", ""baseball""]","fishing"
"17","biathlon",136,"true","[""luge"", ""table tennis"", ""tennis"", ""cricket""]","tennis"
"13","darts",175,"true","[""wrestling"", ""curling"", ""kickboxing"", ""rugby""]","curling"
"22","shooting",109,"true","[""bobsleigh"", ""sailing"", ""golf""]","golf"
"13","hunting",97,"true","[""boxing"", ""judo"", ""running"", ""squash""]","squash"
"6","boxing",294,"true","[""darts"", ""skating""]","skating"
"10","surfing",38,"true","[""table tennis"", ""water polo"", ""bowling""]","table tennis"
"4","gymnastics",294,"true","[""boxing"", ""poker""]","boxing"
"2","baseball",113,"false","[""snooker"", ""swimming"", ""skating"", ""snowboarding"", ""baseball"", ""bowling""]","bowling"
"14","darts",182,"true","[""cricket"", ""running"", ""snowboarding"", ""horse racing"", ""hockey"", ""poker""]","snowboarding"
"5","luge",206,"false","[""boxing"", ""bowling""]","boxing"
"7","rugby",236,"true","[""football"", ""wrestling"", ""baseball""]","baseball"
"22","swimming",244,"false","[""surfing"", ""biathlon"", ""shooting"", ""kickboxing"", ""rugby""]","surfing"
"9","equestrian",235,"false","[""pingpong"", ""snooker""]","pingpong"
"8","skating",136,"false","[""soccer"", ""tennis"", ""polo"", ""rugby""]","polo"
"14","mma",299,"false","[""cricket"", ""biathlon"", ""shooting"", ""gymnastics"", ""bowling""]","bowling"
"18","golf",79,"true","[""rowing"", ""biathlon"", ""rugby""]","biathlon"
"23","cycling",121,"true","[""soccer"", ""kickboxing"", ""snooker""]","soccer"
"2","bobsleigh",240,"false","[""luge"", ""basketball"", ""boxing""]","basketball"
"15","water polo",268,"false","[""football"", ""judo"", ""mma"", ""horse racing""]","horse racing"
"3","football",38,"false","[""water polo"", ""kickboxing"", ""mma""]","water polo"
"17","volleyball",244,"true","[""cricket"", ""luge"", ""gymnastics"", ""skiing"", ""basketball"", ""weightlifting""]","luge"
"24","volleyball",207,"true","[""rowing"", ""mma"", ""hockey"", ""bowling""]","rowing"
"15","taekwondo",110,"true","[""cycling"", ""luge"", ""ice hockey"", ""chess""]","luge"
"10","soccer",116,"false","[""taekwondo"", ""boxing"", ""water polo"", ""skiing"", ""rugby""]","boxing"
"1","mma",36,"false","[""volleyball"", ""horse racing"", ""badminton""]","volleyball"
"9","bobsleigh",31,"false","[""luge"", ""fencing"", ""karate""]","luge"
"5","skiing",162,"false","[""basketball"", ""kickboxing"", ""soccer"", ""baseball"", ""skiing""]","skiing"
"15","pingpong",279,"true","[""water polo"", ""gymnastics"", ""running""]","running"
"17","polo",136,"true","[""snowboarding"", ""volleyball"", ""chess""]","volleyball"
"6","curling",114,"true","[""surfing"", ""fencing"", ""football"", ""boxing"", ""table tennis"", ""pingpong""]","pingpong"
"14","skating",62,"false","[""surfing"", ""fencing"", ""gymnastics"", ""skating"", ""baseball""]","fencing"
"1","water polo",58,"true","[""cricket"", ""polo"", ""swimming"", ""snowboarding"", ""weightlifting""]","weightlifting"
"18","snowboarding",36,"false","[""surfing"", ""sailing"", ""polo"", ""karate""]","surfing"
"7","bowling",216,"true","[""basketball"", ""polo"", ""ice hockey"", ""bowling""]","polo"
"3","water polo",150,"true","[""cricket"", ""fencing"", ""polo"", ""tennis"", ""shooting""]","fencing"
"1","bobsleigh",261,"false","[""golf"", ""karate""]","golf"
"24","football",39,"true","[""surfing"", ""curling"", ""running"", ""basketball"", ""sailing""]","basketball"
"23","table tennis",105,"true","[""swimming"", ""baseball"", ""skating"", ""bowling""]","swimming"
"17","equestrian",282,"true","[""surfing"", ""polo"", ""skating"", ""basketball"", ""soccer"", ""billiards""]","skating"
"3","ice hockey",225,"false","[""cricket"", ""polo"", ""curling"", ""chess"", ""baseball"", ""hunting""]","baseball"
"13","volleyball",34,"true","[""polo"", ""squash"", ""gymnastics"", ""ice hockey"", ""fishing""]","polo"
"16","bobsleigh",155,"true","[""fencing"", ""kickboxing"", ""skiing"", ""bowling""]","kickboxing"
"22","cricket",242,"true","[""luge"", ""golf"", ""ice hockey""]","luge"
"10","poker",88,"false","[""fishing"", ""judo""]","judo"
"4","surfing",43,"false","[""basketball"", ""ice hockey"", ""soccer"", ""fishing"", ""water polo""]","ice hockey"
"2","karate",79,"true","[""soccer"", ""mma"", ""snooker""]","soccer"
"19","luge",142,"true","[""snowboarding"", ""volleyball"", ""hunting"", ""table tennis""]","snowboarding"
"10","karate",298,"true","[""luge"", ""football"", ""horse racing""]","horse racing"
"12","cycling",246,"false","[""equestrian"", ""karate"", ""horse racing"", ""hockey"", ""fishing""]","hockey"
"19","hunting",149,"true","[""billiards"", ""taekwondo"", ""darts""]","darts"
"15","darts",193,"true","[""soccer"", ""judo"", ""chess""]","chess"
"14","shooting",254,"true","[""biathlon"", ""running""]","biathlon"
"22","football",297,"false","[""cricket"", ""billiards"", ""water polo""]","cricket"
"21","swimming",296,"true","[""squash"", ""snooker"", ""curling""]","curling"
"20","soccer",116,"false","[""taekwondo"", ""horse racing"", ""boxing"", ""judo""]","judo"
"5","billiards",95,"true","[""cricket"", ""squash"", ""skating"", ""running"", ""hockey"", ""wrestling""]","running"
"18","gymnastics",195,"true","[""hunting"", ""weightlifting"", ""archery""]","archery"
"7","kickboxing",92,"true","[""pingpong"", ""baseball"", ""bowling""]","baseball"
"23","baseball",43,"true","[""cycling"", ""swimming"", ""taekwondo"", ""karate"", ""bobsleigh"", ""soccer""]","taekwondo"
"19","running",165,"false","[""football"", ""rowing"", ""biathlon"", ""hockey""]","biathlon"
"22","skiing",69,"false","[""archery"", ""mma"", ""skating"", ""rowing"", ""chess"", ""billiards""]","chess"
"1","table tennis",109,"true","[""football"", ""sailing"", ""polo"", ""weightlifting""]","weightlifting"
"20","luge",218,"false","[""snooker"", ""volleyball"", ""karate"", ""sailing"", ""kickboxing""]","kickboxing"
"23","running",46,"false","[""fencing"", ""biathlon"", ""skating"", ""weightlifting"", ""bowling""]","biathlon"
"19","archery",141,"true","[""equestrian"", ""tennis"", ""karate"", ""boxing"", ""soccer"", ""table tennis""]","table tennis"
"15","rowing",68,"true","[""volleyball"", ""billiards"", ""boxing"", ""soccer"", ""table tennis""]","soccer"
"3","archery",255,"true","[""bobsleigh"", ""pingpong"", ""ice hockey""]","bobsleigh"
"19","poker",256,"false","[""luge"", ""equestrian"", ""mma"", ""sailing"", ""kickboxing"", ""fishing""]","mma"
"17","billiards",162,"false","[""gymnastics"", ""karate""]","karate"
"13","skiing",115,"true","[""pingpong"", ""darts""]","darts"
"20","pingpong",104,"true","[""judo"", ""squash"", ""karate"", ""running"", ""wrestling""]","karate"
"5","basketball",238,"false","[""curling"", ""running"", ""bobsleigh"", ""ice hockey"", ""hockey"", ""rugby""]","rugby"
"8","volleyball",260,"true","[""football"", ""darts"", ""horse racing"", ""archery""]","archery"
"16","pingpong",89,"false","[""surfing"", ""fencing""]","surfing"
"1","hunting",209,"true","[""table tennis"", ""mma"", ""bowling"", ""curling""]","mma"
"9","baseball",119,"false","[""basketball"", ""rugby"", ""curling""]","curling"
"21","archery",276,"true","[""surfing"", ""wrestling"", ""sailing"", ""curling""]","surfing"
"3","horse racing",236,"true","[""cricket"", ""biathlon"", ""squash"", ""swimming"", ""karate""]","swimming"
"17","snooker",82,"true","[""cycling"", ""weightlifting"", ""rowing"", ""skiing""]","rowing"
"17","bobsleigh",105,"true","[""sailing"", ""tennis"", ""horse racing"", ""ice hockey""]","tennis"
"12","table tennis",195,"false","[""volleyball"", ""karate"", ""hockey"", ""fishing"", ""badminton""]","volleyball"
"5","curling",280,"true","[""shooting"", ""volleyball"", ""mma"", ""rowing"", ""poker""]","poker"
"6","bobsleigh",222,"true","[""surfing"", ""tennis"", ""snooker"", ""horse racing"", ""badminton""]","tennis"
"19","hockey",127,"true","[""luge"", ""pingpong"", ""ice hockey""]","ice hockey"
"19","volleyball",161,"true","[""basketball"", ""equestrian"", ""golf"", ""baseball""]","equestrian"
"11","fishing",44,"true","[""tennis"", ""darts"", ""hunting""]","darts"
"2","running",72,"true","[""tennis"", ""polo"", ""archery"", ""football"", ""volleyball"", ""weightlifting""]","polo"
"24","cricket",237,"false","[""gymnastics"", ""darts"", ""ice hockey"", ""hockey"", ""billiards"", ""golf""]","ice hockey"
"9","swimming",118,"false","[""shooting"", ""snowboarding"", ""skating""]","skating"
"12","boxing",108,"false","[""surfing"", ""fencing"", ""biathlon"", ""taekwondo"", ""soccer"", ""pingpong""]","taekwondo"
"10","fencing",105,"false","[""shooting"", ""gymnastics"", ""sailing"", ""poker"", ""chess"", ""billiards""]","billiards"
"15","sailing",234,"false","[""surfing"", ""snooker"", ""mma"", ""boxing"", ""pingpong"", ""rugby""]","snooker"
"1","kickboxing",176,"false","[""cycling"", ""tennis"", ""boxing"", ""poker"", ""wrestling""]","poker"
"15","skiing",121,"false","[""luge"", ""wrestling"", ""bobsleigh"", ""horse racing"", ""table tennis""]","bobsleigh"
"1","badminton",96,"true","[""water polo"", ""horse racing""]","horse racing"
"6","fishing",142,"true","[""table tennis"", ""tennis"", ""kickboxing"", ""swimming""]","swimming"
"15","kickboxing",113,"true","[""running"", ""darts"", ""boxing"", ""ice hockey"", ""baseball""]","darts"
"13","polo",168,"false","[""hunting"", ""running""]","running"
"12","baseball",286,"true","[""basketball"", ""boxing""]","basketball"
"10","bobsleigh",237,"true","[""luge"", ""gymnastics"", ""bobsleigh"", ""darts"", ""boxing"", ""hockey""]","boxing"
"5","gymnastics",126,"true","[""baseball"", ""ice hockey""]","ice hockey"
"21","bowling",171,"true","[""soccer"", ""biathlon"", ""skiing""]","soccer"
"24","luge",101,"false","[""football"", ""darts"", ""kickboxing"", ""ice hockey"", ""rugby""]","darts"
"16","weightlifting",58,"false","[""polo"", ""mma"", ""snowboarding"", ""soccer"", ""wrestling""]","snowboarding"
"2","hunting",217,"true","[""table tennis"", ""water polo"", ""basketball"", ""badminton""]","table tennis"
"11","surfing",277,"true","[""shooting"", ""wrestling"", ""fencing"", ""chess""]","shooting"
"20","darts",31,"true","[""equestrian"", ""basketball"", ""boxing"", ""table tennis"", ""badminton""]","badminton"
"1","skating",80,"false","[""basketball"", ""tennis"", ""biathlon"", ""archery""]","tennis"
"11","archery",196,"false","[""sailing"", ""badminton""]","badminton"
"15","chess",81,"false","[""swimming"", ""golf"", ""rowing""]","rowing"
"16","archery",255,"false","[""snowboarding"", ""rugby""]","rugby"
"18","bobsleigh",229,"false","[""fencing"", ""snooker"", ""curling"", ""squash"", ""weightlifting""]","snooker"
"1","sailing",168,"true","[""luge"", ""table tennis"", ""squash""]","luge"
"7","football",221,"true","[""snooker"", ""karate"", ""basketball"", ""horse racing"", ""hockey""]","hockey"
"23","archery",300,"true","[""hunting"", ""bowling""]","hunting"
"15","fencing",298,"false","[""cycling"", ""swimming""]","cycling"
"11","ice hockey",111,"false","[""fencing"", ""tennis"", ""squash"", ""basketball"", ""billiards"", ""table tennis""]","squash"
"14","skiing",121,"true","[""judo"", ""football"", ""shooting"", ""taekwondo"", ""bowling"", ""hunting""]","judo"
"4","water polo",224,"false","[""bobsleigh"", ""basketball"", ""football"", ""bowling""]","bobsleigh"
"19","football",227,"false","[""darts"", ""poker"", ""ice hockey"", ""archery""]","archery"
"4","table tennis",48,"false","[""weightlifting"", ""judo"", ""skating""]","weightlifting"
"10","biathlon",53,"true","[""swimming"", ""biathlon"", ""weightlifting""]","weightlifting"
"24","horse racing",116,"true","[""luge"", ""billiards"", ""snowboarding"", ""ice hockey"", ""fishing"", ""hunting""]","hunting"
"9","running",202,"true","[""equestrian"", ""taekwondo"", ""horse racing""]","equestrian"
"4","poker",234,"true","[""cycling"", ""billiards"", ""gymnastics"", ""rugby""]","gymnastics"
"20","wrestling",209,"false","[""surfing"", ""shooting"", ""darts"", ""soccer"", ""fishing"", ""golf""]","shooting"
"5","bowling",84,"true","[""surfing"", ""taekwondo"", ""mma"", ""running"", ""kickboxing""]","mma"
"15","snooker",294,"false","[""luge"", ""equestrian""]","equestrian"
"3","billiards",225,"true","[""fencing"", ""bowling""]","fencing"
"20","biathlon",117,"false","[""darts"", ""judo"", ""archery""]","judo"
"2","biathlon",291,"true","[""luge"", ""gymnastics"", ""sailing"", ""pingpong"", ""golf""]","sailing"
"3","swimming",84,"true","[""cricket"", ""cycling"", ""hunting"", ""table tennis"", ""baseball"", ""bowling""]","hunting"
"18","tennis",242,"true","[""table tennis"", ""snowboarding"", ""hockey"", ""curling""]","table tennis"
"5","soccer",174,"false","[""squash"", ""bobsleigh"", ""rowing"", ""poker"", ""hunting""]","rowing"
"16","wrestling",128,"false","[""fencing"", ""football"", ""sailing"", ""darts"", ""table tennis""]","darts"
"14","table tennis",87,"true","[""snowboarding"", ""swimming"", ""weightlifting"", ""hockey""]","weightlifting"
"9","table tennis",154,"true","[""cricket"", ""archery"", ""hockey"", ""billiards"", ""bowling""]","bowling"
"7","luge",155,"true","[""squash"", ""shooting"", ""bobsleigh"", ""chess"", ""table tennis"", ""golf""]","chess"
"8","poker",267,"true","[""cricket"", ""equestrian"", ""football"", ""karate"", ""billiards"", ""pingpong""]","karate"
"24","surfing",77,"true","[""billiards"", ""poker"", ""fishing"", ""table tennis"", ""bowling""]","poker"
"7","billiards",241,"true","[""basketball"", ""golf"", ""mma""]","basketball"
"6","squash",88,"false","[""basketball"", ""mma"", ""poker"", ""ice hockey""]","poker"
"9","mma",157,"false","[""cricket"", ""luge"", ""table tennis"", ""baseball"", ""badminton""]","baseball"
"2","golf",49,"true","[""billiards"", ""equestrian"", ""rowing""]","billiards"
"8","kickboxing",98,"false","[""football"", ""volleyball"", ""hockey"", ""chess""]","volleyball"
"6","cricket",68,"false","[""cricket"", ""tennis"", ""curling"", ""taekwondo"", ""boxing"", ""pingpong""]","tennis"
"3","volleyball",299,"false","[""cricket"", ""baseball"", ""archery""]","cricket"
"10","rowing",98,"false","[""baseball"", ""karate""]","karate"
"6","judo",86,"false","[""tennis"", ""shooting"", ""volleyball"", ""rowing"", ""hunting""]","tennis"
"18","bowling",230,"false","[""chess"", ""darts"", ""bowling""]","bowling"
"22","polo",272,"false","[""swimming"", ""skating"", ""squash""]","skating"
"22","kickboxing",196,"true","[""surfing"", ""bowling""]","bowling"
"11","rugby",228,"true","[""surfing"", ""mma"", ""skiing""]","skiing"
"14","boxing",277,"false","[""luge"", ""skating"", ""kickboxing"", ""hockey"", ""water polo""]","skating"
"12","squash",43,"true","[""snowboarding"", ""kickboxing"", ""poker""]","snowboarding"
"1","gymnastics",62,"true","[""polo"", ""swimming"", ""karate"", ""snowboarding"", ""basketball"", ""hunting""]","swimming"
"2","polo",133,"false","[""shooting"", ""cycling""]","cycling"
"22","hunting",292,"false","[""surfing"", ""billiards"", ""snowboarding"", ""ice hockey"", ""table tennis"", ""golf""]","snowboarding"
"20","karate",182,"false","[""sailing"", ""golf""]","golf"
"11","bowling",183,"true","[""gymnastics"", ""kickboxing"", ""darts"", ""wrestling"", ""hunting""]","hunting"
"23","sailing",293,"false","[""snooker"", ""mma"", ""gymnastics"", ""karate"", ""kickboxing"", ""fishing""]","snooker"
"3","hunting",261,"true","[""tennis"", ""squash"", ""swimming"", ""darts"", ""weightlifting""]","squash"
"3","judo",98,"false","[""cricket"", ""polo"", ""baseball""]","cricket"
"11","luge",294,"false","[""fencing"", ""curling""]","fencing"
"16","swimming",293,"false","[""baseball"", ""gymnastics""]","baseball"
"12","hockey",236,"true","[""curling"", ""volleyball"", ""basketball"", ""horse racing"", ""pingpong""]","horse racing"
"6","horse racing",210,"true","[""football"", ""judo"", ""skiing"", ""hockey""]","hockey"
"23","darts",85,"false","[""shooting"", ""billiards"", ""water polo"", ""darts""]","billiards"
"10","weightlifting",285,"false","[""mma"", ""basketball"", ""sailing"", ""billiards"", ""rugby""]","billiards"
"23","hockey",245,"true","[""luge"", ""judo"", ""football"", ""gymnastics"", ""chess""]","gymnastics"
"19","judo",261,"false","[""archery"", ""rowing"", ""bowling"", ""running""]","running"
"17","horse racing",159,"true","[""equestrian"", ""golf"", ""running"", ""horse racing"", ""water polo""]","water polo"
"15","polo",103,"true","[""surfing"", ""skiing"", ""wrestling"", ""weightlifting"", ""rugby""]","weightlifting"
"9","surfing",142,"false","[""snowboarding"", ""pingpong"", ""rowing"", ""mma""]","pingpong"
"8","table tennis",96,"true","[""cricket"", ""biathlon"", ""football"", ""shooting"", ""soccer"", ""pingpong""]","biathlon"
"18","kickboxing",218,"false","[""ice hockey"", ""equestrian"", ""rowing"", ""tennis""]","equestrian"
"23","fishing",84,"false","[""rugby"", ""water polo"", ""squash""]","rugby"
"11","soccer",45,"false","[""swimming"", ""karate"", ""rowing"", ""fishing"", ""hunting""]","karate"
"24","squash",148,"false","[""polo"", ""football"", ""skating"", ""sailing"", ""poker""]","skating"
"5","badminton",70,"false","[""mma"", ""gymnastics"", ""karate"", ""basketball"", ""golf"", ""skiing""]","mma"
"8","rugby",77,"true","[""tennis"", ""curling"", ""mma"", ""chess"", ""fishing"", ""rugby""]","fishing"
"6","taekwondo",149,"true","[""billiards"", ""swimming"", ""karate""]","billiards"
"8","tennis",299,"true","[""bobsleigh"", ""fishing"", ""swimming"", ""wrestling""]","fishing"
"15","luge",156,"true","[""cricket"", ""baseball"", ""horse racing"", ""archery""]","horse racing"
"20","surfing",132,"false","[""bobsleigh"", ""sailing"", ""volleyball"", ""gymnastics""]","bobsleigh"
"7","darts",300,"true","[""bobsleigh"", ""surfing"", ""running"", ""bowling""]","running"
"16","squash",123,"true","[""snooker"", ""squash""]","snooker"
"5","hunting",37,"false","[""curling"", ""gymnastics"", ""ice hockey"", ""archery""]","archery"
"9","hockey",100,"true","[""cycling"", ""curling"", ""archery"", ""volleyball"", ""chess""]","cycling"
"14","equestrian",149,"true","[""ice hockey"", ""rowing"", ""skating""]","ice hockey"
"23","snowboarding",260,"true","[""snowboarding"", ""pingpong"", ""polo"", ""tennis""]","polo"
"10","cricket",57,"false","[""cycling"", ""darts"", ""golf"", ""skiing"", ""bowling""]","golf"
"20","sailing",105,"true","[""cricket"", ""cycling"", ""luge"", ""judo"", ""kickboxing""]","kickboxing"
"19","squash",49,"true","[""swimming"", ""rowing""]","swimming"
"4","judo",209,"false","[""soccer"", ""fishing"", ""snooker"", ""squash""]","fishing"
"9","fencing",59,"false","[""cricket"", ""luge"", ""shooting"", ""kickboxing"", ""rugby""]","luge"
"22","tennis",261,"false","[""surfing"", ""sailing"", ""gymnastics"", ""bowling""]","bowling"
"12","bowling",47,"false","[""cycling"", ""curling"", ""bobsleigh"", ""horse racing"", ""hockey"", ""wrestling""]","horse racing"
"13","horse racing",38,"true","[""sailing"", ""baseball""]","baseball"
"7","squash",116,"true","[""luge"", ""polo"", ""snooker"", ""pingpong"", ""bowling""]","bowling"
"22","poker",128,"false","[""table tennis"", ""horse racing"", ""bowling""]","horse racing"
"17","snowboarding",187,"true","[""cricket"", ""equestrian"", ""karate""]","cricket"
"21","sailing",299,"true","[""table tennis"", ""ice hockey"", ""curling""]","ice hockey"
"13","pingpong",132,"false","[""surfing"", ""biathlon"", ""gymnastics"", ""bobsleigh"", ""sailing"", ""table tennis""]","surfing"
"1","fencing",54,"true","[""surfing"", ""snooker"", ""basketball"", ""darts"", ""fishing""]","fishing"
"20","swimming",89,"true","[""billiards"", ""swimming"", ""baseball"", ""snooker""]","snooker"
"7","taekwondo",187,"false","[""table tennis"", ""tennis"", ""basketball"", ""curling""]","tennis"
"23","surfing",34,"false","[""shooting"", ""volleyball"", ""karate"", ""boxing"", ""chess"", ""fishing""]","volleyball"
"12","pingpong",291,"false","[""cycling"", ""snooker"", ""ice hockey"", ""hockey"", ""fishing""]","snooker"
"19","sailing",285,"true","[""polo"", ""pingpong"", ""skating""]","pingpong"
"11","swimming",295,"true","[""cycling"", ""pingpong"", ""rugby""]","pingpong"
"17","cycling",231,"false","[""golf"", ""archery"", ""water polo"", ""baseball"", ""badminton""]","baseball"
"7","cycling",273,"true","[""wrestling"", ""darts"", ""skating"", ""snowboarding""]","skating"
"22","snowboarding",279,"true","[""squash"", ""archery"", ""snowboarding"", ""poker"", ""golf"", ""bowling""]","archery"
"23","curling",243,"false","[""football"", ""wrestling"", ""poker""]","poker"
"12","archery",218,"false","[""luge"", ""curling"", ""mma"", ""bowling"", ""horse racing"", ""badminton""]","luge"
"23","shooting",179,"false","[""billiards"", ""weightlifting"", ""snooker"", ""skating""]","billiards"
"13","kickboxing",266,"true","[""tennis"", ""biathlon"", ""judo"", ""archery""]","biathlon"
"7","gymnastics",236,"true","[""cricket"", ""cycling"", ""archery"", ""karate"", ""horse racing""]","cricket"
"11","skiing",166,"false","[""swimming"", ""snooker"", ""hockey""]","snooker"
"24","skiing",220,"false","[""boxing"", ""chess""]","boxing"
"22","table tennis",228,"false","[""pingpong"", ""rowing""]","pingpong"
"23","chess",164,"true","[""football"", ""badminton""]","football"
"16","rugby",171,"true","[""wrestling"", ""golf""]","golf"
"9","shooting",284,"false","[""wrestling"", ""ice hockey""]","wrestling"
"8","golf",245,"false","[""gymnastics"", ""running"", ""rowing"", ""horse racing"", ""billiards""]","running"
"15","golf",45,"true","[""polo"", ""biathlon"", ""football"", ""wrestling"", ""bowling""]","bowling"
"4","golf",215,"false","[""fencing"", ""biathlon"", ""karate"", ""bobsleigh"", ""basketball"", ""golf""]","bobsleigh"
"3","equestrian",40,"false","[""cricket"", ""boxing"", ""darts"", ""snooker""]","boxing"
"16","chess",73,"false","[""squash"", ""kickboxing"", ""poker"", ""biathlon""]","squash"
"20","archery",42,"false","[""luge"", ""cycling"", ""weightlifting"", ""shooting""]","shooting"
"22","wrestling",145,"false","[""cycling"", ""kickboxing"", ""darts"", ""running""]","running"
"16","ice hockey",59,"false","[""snowboarding"", ""snooker"", ""running"", ""archery""]","running"
"16","table tennis",157,"false","[""fencing"", ""rowing"", ""darts"", ""chess"", ""wrestling"", ""golf""]","wrestling"
"8","pingpong",209,"true","[""luge"", ""basketball"", ""snowboarding"", ""boxing"", ""table tennis""]","table tennis"
"20","tennis",76,"false","[""polo"", ""golf"", ""volleyball"", ""water polo"", ""rugby""]","water polo"
"16","tennis",182,"true","[""basketball"", ""table tennis"", ""poker"", ""chess""]","table tennis"
"7","polo",44,"false","[""luge"", ""ice hockey""]","ice hockey"
"13","fencing",48,"true","[""tennis"", ""snooker"", ""skating""]","tennis"
"3","skating",209,"true","[""fishing"", ""volleyball"", ""boxing"", ""skating""]","skating"
"18","skiing",188,"false","[""cycling"", ""judo""]","cycling"
"16","hockey",116,"false","[""football"", ""swimming"", ""kickboxing"", ""snooker""]","kickboxing"
"12","taekwondo",78,"true","[""horse racing"", ""snooker"", ""basketball""]","horse racing"
"2","equestrian",293,"true","[""bobsleigh"", ""football""]","bobsleigh"
"5","skating",113,"false","[""shooting"", ""polo"", ""darts""]","polo"
"5","kickboxing",47,"true","[""football"", ""horse racing"", ""hockey"", ""chess"", ""wrestling""]","chess"
"24","soccer",248,"false","[""skating"", ""running""]","running"
"7","shooting",150,"true","[""wrestling"", ""water polo"", ""hunting""]","hunting"
"15","snowboarding",211,"true","[""surfing"", ""skiing"", ""rowing"", ""ice hockey"", ""chess"", ""weightlifting""]","skiing"
"16","biathlon",132,"false","[""cycling"", ""tennis"", ""biathlon"", ""squash"", ""swimming"", ""chess""]","squash"
"15","poker",69,"false","[""surfing"", ""table tennis"", ""hockey""]","hockey"
"17","kickboxing",43,"true","[""cricket"", ""archery"", ""gymnastics"", ""basketball"", ""sailing"", ""kickboxing""]","basketball"
"9","judo",178,"true","[""surfing"", ""rowing"", ""curling""]","rowing"
"14","cricket",180,"true","[""polo"", ""darts"", ""poker"", ""wrestling"", ""rugby""]","polo"
"22","snooker",139,"false","[""cycling"", ""taekwondo"", ""gymnastics"", ""horse racing"", ""table tennis"", ""golf""]","cycling"
"18","soccer",149,"true","[""luge"", ""equestrian"", ""taekwondo"", ""golf"", ""baseball""]","luge"
"20","chess",284,"true","[""billiards"", ""pingpong"", ""ice hockey""]","pingpong"
"6","darts",147,"false","[""shooting"", ""sailing"", ""mma"", ""snooker""]","mma"
"3","cycling",128,"false","[""darts"", ""gymnastics"", ""rugby""]","darts"
"22","pingpong",179,"true","[""football"", ""wrestling"", ""karate"", ""rowing"", ""ice hockey"", ""fishing""]","rowing"
"8","equestrian",118,"false","[""cycling"", ""tennis"", ""football"", ""badminton"", ""bowling""]","bowling"
"9","biathlon",169,"false","[""billiards"", ""curling""]","curling"
"17","shooting",217,"false","[""skating"", ""rowing"", ""weightlifting""]","skating"
"4","polo",293,"true","[""polo"", ""badminton""]","polo"
"23","swimming",90,"false","[""volleyball"", ""gymnastics"", ""bobsleigh"", ""horse racing"", ""pingpong"", ""bowling""]","volleyball"
"19","basketball",165,"true","[""curling"", ""snooker"", ""hunting""]","snooker"
"21","volleyball",270,"true","[""shooting"", ""gymnastics""]","shooting"
"8","swimming",174,"true","[""fencing"", ""volleyball"", ""running"", ""basketball"", ""skiing""]","volleyball"
"13","water polo",160,"false","[""bobsleigh"", ""polo""]","bobsleigh"
"3","gymnastics",196,"false","[""table tennis"", ""golf"", ""baseball""]","table tennis"
"9","basketball",46,"false","[""equestrian"", ""weightlifting"", ""bowling""]","bowling"
"4","fishing",295,"true","[""luge"", ""mma""]","mma"
"16","baseball",177,"false","[""judo"", ""curling"", ""kickboxing"", ""ice hockey"", ""rugby""]","ice hockey"
"8","hockey",238,"true","[""snooker"", ""squash"", ""swimming"", ""taekwondo"", ""table tennis""]","taekwondo"
"13","ice hockey",233,"false","[""basketball"", ""fencing"", ""judo"", ""chess""]","judo"
"7","rowing",42,"false","[""cricket"", ""squash"", ""luge"", ""bowling""]","cricket"
"3","snooker",105,"true","[""soccer"", ""kickboxing"", ""swimming"", ""taekwondo""]","kickboxing"
"19","billiards",92,"false","[""equestrian"", ""gymnastics"", ""archery""]","gymnastics"
"13","mma",195,"true","[""surfing"", ""boxing"", ""judo""]","judo"
"12","mma",159,"false","[""archery"", ""pingpong"", ""hockey"", ""running""]","running"
"24","hockey",294,"false","[""football"", ""bobsleigh"", ""skiing"", ""bowling""]","bobsleigh"
"23","pingpong",223,"false","[""cricket"", ""billiards""]","billiards"
"16","cycling",151,"false","[""taekwondo"", ""equestrian"", ""polo""]","polo"
"11","hunting",49,"true","[""wrestling"", ""badminton""]","badminton"
"11","judo",95,"false","[""snooker"", ""squash"", ""skating"", ""poker"", ""table tennis""]","squash"
"12","chess",228,"true","[""golf"", ""darts"", ""archery""]","golf"
"2","darts",181,"true","[""surfing"", ""sailing"", ""chess""]","chess"
"8","karate",100,"false","[""luge"", ""cricket"", ""archery""]","cricket"
"6","kickboxing",193,"true","[""curling"", ""running"", ""boxing"", ""ice hockey"", ""bowling""]","boxing"
"13","archery",101,"false","[""surfing"", ""archery""]","archery"
"13","tennis",117,"false","[""judo"", ""squash"", ""skating"", ""snowboarding"", ""poker""]","judo"
"1","billiards",59,"false","[""fishing"", ""curling""]","curling"
"6","hunting",145,"false","[""gymnastics"", ""kickboxing"", ""karate"", ""badminton""]","karate"
"18","volleyball",298,"false","[""kickboxing"", ""basketball"", ""boxing"", ""archery""]","basketball"
"7","table tennis",40,"false","[""cricket"", ""golf""]","cricket"
"21","boxing",229,"false","[""kickboxing"", ""biathlon""]","biathlon"
"12","tennis",159,"false","[""badminton"", ""biathlon"", ""bowling""]","badminton"
"5","fishing",167,"false","[""curling"", ""basketball"", ""rowing"", ""ice hockey"", ""skiing""]","skiing"
"22","soccer",176,"false","[""basketball"", ""darts"", ""skiing""]","skiing"
"12","poker",243,"true","[""taekwondo"", ""skiing""]","taekwondo"
"13","curling",133,"false","[""fencing"", ""tennis"", ""skating"", ""darts"", ""golf"", ""bowling""]","golf"
"11","tennis",195,"false","[""luge"", ""biathlon"", ""weightlifting""]","weightlifting"
"20","poker",95,"true","[""boxing"", ""hockey""]","boxing"
"13","bobsleigh",58,"true","[""darts"", ""horse racing"", ""squash""]","horse racing"
"19","bowling",137,"true","[""fishing"", ""swimming""]","swimming"
"8","snowboarding",53,"true","[""cycling"", ""basketball"", ""darts"", ""badminton"", ""baseball"", ""hunting""]","badminton"
"23","bowling",193,"false","[""cricket"", ""boxing"", ""skiing"", ""hockey""]","boxing"
"22","rugby",257,"true","[""luge"", ""polo"", ""hockey"", ""chess"", ""billiards""]","chess"
"14","swimming",141,"false","[""swimming"", ""gymnastics"", ""snowboarding"", ""sailing"", ""horse racing"", ""baseball""]","swimming"
"3","hockey",188,"true","[""darts"", ""pingpong"", ""golf"", ""skiing"", ""hunting""]","skiing"
"18","luge",53,"true","[""luge"", ""soccer"", ""rowing"", ""squash""]","squash"
"5","snowboarding",231,"true","[""bowling"", ""boxing"", ""chess"", ""billiards"", ""badminton""]","billiards"
"20","bobsleigh",193,"true","[""fishing"", ""water polo"", ""biathlon""]","fishing"
"7","snooker",103,"true","[""snooker"", ""archery"", ""shooting"", ""gymnastics"", ""kickboxing"", ""bowling""]","kickboxing"
"23","tennis",44,"false","[""wrestling"", ""darts""]","wrestling"
"21","snooker",219,"false","[""taekwondo"", ""equestrian"", ""golf"", ""darts""]","equestrian"
"21","skiing",186,"true","[""cycling"", ""equestrian"", ""horse racing"", ""surfing""]","surfing"
"4","taekwondo",71,"true","[""cricket"", ""luge"", ""archery""]","cricket"
"20","baseball",179,"true","[""horse racing"", ""equestrian"", ""golf"", ""poker""]","golf"
"8","biathlon",96,"true","[""shooting"", ""swimming"", ""kickboxing""]","kickboxing"
"3","karate",50,"false","[""billiards"", ""biathlon""]","billiards"
"15","badminton",130,"false","[""volleyball"", ""darts""]","volleyball"
"3","mma",198,"false","[""kickboxing"", ""mma""]","mma"
"17","golf",294,"false","[""cycling"", ""cricket"", ""running""]","cycling"
"6","gymnastics",96,"true","[""snooker"", ""squash"", ""shooting"", ""skating"", ""chess""]","squash"
"18","curling",172,"false","[""archery"", ""running"", ""sailing"", ""fishing"", ""hunting""]","fishing"
"1","judo",86,"false","[""fencing"", ""rowing"", ""mma"", ""badminton""]","fencing"
"4","luge",169,"true","[""polo"", ""volleyball"", ""karate"", ""sailing"", ""fishing""]","volleyball"
"7","weightlifting",226,"true","[""kickboxing"", ""hockey"", ""badminton""]","kickboxing"
"16","mma",210,"false","[""surfing"", ""basketball""]","surfing"
"11","weightlifting",139,"true","[""bobsleigh"", ""snowboarding"", ""billiards""]","bobsleigh"
"8","bowling",191,"true","[""cricket"", ""fishing"", ""snooker"", ""curling""]","cricket"
"14","billiards",212,"true","[""basketball"", ""judo""]","judo"
"11","table tennis",171,"true","[""billiards"", ""taekwondo"", ""sailing""]","billiards"
"3","table tennis",181,"true","[""bobsleigh"", ""tennis"", ""biathlon"", ""rugby""]","biathlon"
"19","chess",88,"true","[""snooker"", ""squash"", ""wrestling"", ""pingpong"", ""bowling""]","snooker"
"16","kickboxing",106,"true","[""soccer"", ""volleyball""]","volleyball"
"23","karate",228,"false","[""luge"", ""tennis"", ""biathlon"", ""volleyball"", ""gymnastics"", ""fishing""]","fishing"
"1","karate",48,"true","[""cricket"", ""judo"", ""archery"", ""snowboarding"", ""rugby""]","snowboarding"
"11","cycling",290,"false","[""archery"", ""wrestling"", ""ice hockey"", ""hunting""]","wrestling"
"1","surfing",108,"true","[""surfing"", ""equestrian"", ""weightlifting""]","surfing"
"22","luge",207,"false","[""bobsleigh"", ""ice hockey"", ""hunting""]","bobsleigh"
"4","sailing",71,"true","[""equestrian"", ""judo"", ""karate"", ""billiards"", ""rugby""]","karate"
"3","luge",60,"true","[""cricket"", ""archery"", ""boxing"", ""water polo"", ""hunting""]","archery"
"16","luge",284,"true","[""biathlon"", ""boxing"", ""water polo"", ""baseball"", ""weightlifting""]","boxing"
"11","wrestling",263,"false","[""curling"", ""taekwondo"", ""rugby""]","curling"
"13","cycling",166,"false","[""luge"", ""pingpong""]","pingpong"
"8","curling",300,"true","[""equestrian"", ""mma"", ""snowboarding"", ""billiards"", ""hunting""]","mma"
"1","running",183,"false","[""surfing"", ""football"", ""judo"", ""hockey""]","football"
"13","boxing",274,"true","[""fencing"", ""shooting"", ""billiards"", ""kickboxing"", ""fishing"", ""bowling""]","fishing"
"19","badminton",112,"true","[""table tennis"", ""squash"", ""snowboarding""]","snowboarding"
"11","golf",74,"false","[""taekwondo"", ""mma"", ""kickboxing"", ""wrestling"", ""water polo"", ""weightlifting""]","taekwondo"
"9","volleyball",53,"true","[""swimming"", ""golf"", ""polo""]","swimming"
"6","sailing",52,"false","[""baseball"", ""curling""]","baseball"
"14","sailing",251,"true","[""horse racing"", ""squash""]","horse racing"
"15","bobsleigh",114,"true","[""surfing"", ""gymnastics"", ""darts"", ""hockey"", ""billiards""]","gymnastics"
"10","baseball",226,"true","[""cycling"", ""shooting"", ""skating"", ""running"", ""boxing""]","cycling"
"19","bowling",243,"true","[""judo"", ""curling"", ""karate"", ""hunting"", ""rugby""]","curling"
"16","snooker",214,"true","[""fishing"", ""badminton"", ""chess"", ""curling""]","curling"
"23","volleyball",218,"false","[""fishing"", ""mma"", ""gymnastics""]","fishing"
"8","gymnastics",60,"true","[""skating"", ""running"", ""basketball"", ""sailing"", ""rowing"", ""chess""]","sailing"
"4","skating",182,"true","[""volleyball"", ""fishing"", ""ice hockey""]","ice hockey"
"23","biathlon",188,"false","[""hunting"", ""badminton""]","hunting"
"10","kickboxing",111,"false","[""surfing"", ""snowboarding"", ""squash""]","surfing"
"8","mma",130,"false","[""football"", ""mma"", ""skating"", ""running"", ""horse racing"", ""baseball""]","skating"
"7","poker",38,"true","[""fencing"", ""shooting"", ""swimming"", ""mma"", ""basketball""]","basketball"
"1","bowling",42,"true","[""snowboarding"", ""volleyball""]","snowboarding"
"2","pingpong",242,"true","[""rugby"", ""sailing"", ""darts"", ""weightlifting"", ""bowling""]","bowling"
"1","snowboarding",112,"true","[""surfing"", ""shooting"", ""equestrian"", ""hunting""]","hunting"
"4","swimming",45,"false","[""judo"", ""ice hockey""]","judo"
"5","tennis",62,"true","[""bobsleigh"", ""equestrian"", ""surfing"", ""bowling""]","bobsleigh"
"21","ice hockey",216,"false","[""taekwondo"", ""poker"", ""skiing"", ""bowling""]","bowling"
"5","golf",282,"true","[""shooting"", ""golf"", ""biathlon"", ""hunting""]","biathlon"
"20","bowling",215,"true","[""soccer"", ""equestrian"", ""biathlon""]","soccer"
"12","equestrian",170,"true","[""sailing"", ""pingpong"", ""water polo""]","sailing"
"1","hockey",119,"true","[""bobsleigh"", ""billiards"", ""darts"", ""squash""]","squash"
"7","sailing",232,"true","[""skiing"", ""badminton""]","skiing"
"21","poker",178,"true","[""curling"", ""shooting"", ""wrestling"", ""squash"", ""basketball"", ""billiards""]","basketball"
"22","baseball",122,"true","[""equestrian"", ""judo"", ""curling"", ""football"", ""poker"", ""hunting""]","hunting"
"9","fishing",220,"true","[""fencing"", ""curling"", ""mma"", ""sailing"", ""basketball"", ""poker""]","curling"
"14","fencing",39,"false","[""table tennis"", ""pingpong""]","pingpong"
"13","basketball",205,"false","[""surfing"", ""equestrian"", ""shooting"", ""snowboarding"", ""table tennis""]","surfing"
"15","archery",103,"false","[""basketball"", ""volleyball"", ""weightlifting"", ""equestrian""]","basketball"
"21","wrestling",39,"false","[""bobsleigh"", ""badminton"", ""bowling"", ""archery""]","archery"
"19","skiing",273,"true","[""sailing"", ""billiards"", ""basketball"", ""hunting""]","basketball"
"11","karate",157,"true","[""billiards"", ""basketball"", ""soccer"", ""table tennis"", ""bowling""]","billiards"
"14","poker",279,"true","[""baseball"", ""biathlon""]","biathlon"
"18","cycling",131,"false","[""cricket"", ""surfing"", ""water polo"", ""mma""]","surfing"
"9","bowling",175,"false","[""fencing"", ""gymnastics""]","fencing"
"13","squash",170,"true","[""soccer"", ""ice hockey""]","soccer"
"8","basketball",231,"false","[""polo"", ""archery""]","archery"
"17","poker",278,"false","[""bobsleigh"", ""skating""]","bobsleigh"
"1","golf",77,"true","[""fencing"", ""weightlifting""]","fencing"
"16","water polo",214,"true","[""cycling"", ""taekwondo"", ""karate"", ""skating""]","taekwondo"
"21","darts",108,"false","[""billiards"", ""snooker""]","snooker"
"11","cricket",184,"false","[""polo"", ""squash"", ""volleyball"", ""taekwondo"", ""kickboxing""]","squash"
"24","shooting",141,"false","[""luge"", ""snowboarding"", ""archery""]","luge"
"6","chess",209,"true","[""bobsleigh"", ""football"", ""gymnastics"", ""weightlifting""]","football"
"12","shooting",123,"true","[""cricket"", ""polo"", ""rowing"", ""boxing""]","rowing"
"6","swimming",123,"true","[""fishing"", ""tennis"", ""boxing""]","fishing"
"6","pingpong",222,"true","[""snowboarding"", ""poker""]","poker"
"6","biathlon",121,"true","[""table tennis"", ""tennis"", ""hockey"", ""curling""]","curling"
"8","judo",149,"true","[""shooting"", ""billiards"", ""polo"", ""mma""]","mma"
"14","volleyball",35,"false","[""shooting"", ""wrestling"", ""horse racing"", ""poker""]","shooting"
"7","soccer",232,"false","[""bobsleigh"", ""fishing""]","bobsleigh"
"13","weightlifting",91,"true","[""football"", ""surfing""]","football"
"10","luge",207,"true","[""wrestling"", ""rowing"", ""darts"", ""boxing""]","darts"
"16","equestrian",239,"false","[""cricket"", ""bowling""]","cricket"
"10","swimming",279,"false","[""surfing"", ""table tennis"", ""swimming"", ""bowling""]","bowling"
"13","golf",98,"false","[""gymnastics"", ""weightlifting"", ""bowling""]","weightlifting"
"18","swimming",270,"true","[""bobsleigh"", ""pingpong"", ""biathlon"", ""horse racing""]","horse racing"
"1","basketball",123,"true","[""curling"", ""gymnastics"", ""running"", ""pingpong"", ""weightlifting""]","gymnastics"
"7","judo",121,"false","[""cricket"", ""volleyball"", ""wrestling"", ""hunting""]","cricket"
"6","football",236,"true","[""cycling"", ""squash"", ""bowling""]","cycling"
"22","taekwondo",83,"true","[""snooker"", ""shooting"", ""ice hockey"", ""billiards"", ""bowling""]","snooker"
"9","cricket",119,"true","[""tennis"", ""golf""]","golf"
"15","skating",277,"false","[""shooting"", ""equestrian""]","shooting"
"12","skating",53,"true","[""biathlon"", ""judo"", ""hockey"", ""badminton""]","hockey"
"7","mma",88,"true","[""polo"", ""tennis"", ""archery"", ""badminton"", ""golf"", ""hunting""]","archery"
"2","boxing",138,"false","[""surfing"", ""karate"", ""snooker"", ""running""]","karate"
"4","kickboxing",132,"false","[""wrestling"", ""kickboxing"", ""sailing"", ""badminton""]","badminton"
"7","baseball",154,"true","[""fencing"", ""snowboarding"", ""horse racing"", ""wrestling"", ""skiing"", ""bowling""]","wrestling"
"2","horse racing",118,"false","[""snooker"", ""rugby""]","snooker"
"12","fishing",194,"false","[""cricket"", ""luge"", ""polo"", ""archery"", ""shooting""]","archery"
"8","soccer",241,"false","[""cricket"", ""fishing""]","fishing"
"2","shooting",244,"true","[""biathlon"", ""squash"", ""sailing"", ""ice hockey"", ""soccer"", ""bowling""]","biathlon"
"7","fencing",183,"true","[""polo"", ""horse racing"", ""hockey""]","polo"
"11","biathlon",109,"true","[""luge"", ""hockey"", ""rugby""]","luge"
"2","swimming",120,"false","[""cycling"", ""fencing"", ""judo"", ""curling"", ""shooting"", ""rugby""]","cycling"
"1","wrestling",285,"false","[""cricket"", ""fishing"", ""equestrian"", ""tennis""]","tennis"
"1","cricket",30,"false","[""volleyball"", ""biathlon"", ""curling""]","volleyball"
"10","basketball",69,"true","[""polo"", ""squash"", ""bobsleigh"", ""horse racing"", ""golf"", ""badminton""]","horse racing"
"19","biathlon",169,"false","[""judo"", ""weightlifting""]","weightlifting"
"17","squash",71,"true","[""luge"", ""fencing"", ""archery"", ""baseball"", ""skiing""]","baseball"
"11","snowboarding",227,"false","[""surfing"", ""horse racing"", ""curling""]","surfing"
"22","fishing",210,"true","[""luge"", ""skating"", ""running"", ""hockey"", ""bowling""]","running"
"22","running",73,"true","[""squash"", ""shooting"", ""karate"", ""running"", ""darts"", ""table tennis""]","karate"
"2","hockey",79,"true","[""football"", ""volleyball"", ""tennis"", ""hockey""]","hockey"
"7","basketball",68,"true","[""luge"", ""snooker"", ""chess"", ""pingpong"", ""weightlifting""]","snooker"
"11","rowing",142,"false","[""polo"", ""snooker"", ""bobsleigh"", ""horse racing"", ""chess"", ""weightlifting""]","bobsleigh"
"16","horse racing",190,"false","[""fencing"", ""weightlifting""]","weightlifting"
"9","snooker",50,"false","[""luge"", ""snooker"", ""shooting"", ""mma"", ""billiards""]","snooker"
"24","bowling",87,"false","[""surfing"", ""wrestling""]","wrestling"
"24","equestrian",169,"true","[""shooting"", ""hunting""]","hunting"
"7","wrestling",165,"false","[""curling"", ""gymnastics"", ""kickboxing"", ""horse racing"", ""billiards"", ""golf""]","billiards"
"18","baseball",39,"false","[""shooting"", ""golf""]","golf"
"9","pingpong",73,"false","[""surfing"", ""shooting"", ""swimming"", ""taekwondo"", ""rowing"", ""hunting""]","rowing"
"12","hunting",238,"false","[""archery"", ""gymnastics"", ""snowboarding"", ""boxing"", ""bowling""]","snowboarding"
"19","darts",217,"true","[""karate"", ""bowling""]","bowling"
"12","running",281,"true","[""football"", ""badminton"", ""shooting""]","shooting"
"13","judo",229,"true","[""sailing"", ""table tennis""]","sailing"
"19","surfing",153,"true","[""bobsleigh"", ""golf""]","bobsleigh"
"20","taekwondo",297,"false","[""fencing"", ""tennis"", ""mma"", ""poker"", ""table tennis""]","fencing"
"4","hunting",97,"true","[""shooting"", ""pingpong"", ""biathlon"", ""mma""]","biathlon"
"15","judo",235,"true","[""shooting"", ""sailing"", ""swimming"", ""snowboarding""]","snowboarding"
"19","wrestling",113,"true","[""polo"", ""chess""]","chess"
"14","fishing",279,"false","[""bowling"", ""billiards"", ""snooker"", ""running""]","snooker"
"1","horse racing",126,"true","[""billiards"", ""tennis"", ""badminton""]","tennis"
"8","football",87,"false","[""cycling"", ""baseball"", ""rugby""]","rugby"
"11","baseball",141,"true","[""polo"", ""ice hockey"", ""archery""]","archery"
"21","curling",293,"false","[""surfing"", ""shooting"", ""gymnastics"", ""poker"", ""wrestling"", ""baseball""]","shooting"
"18","sailing",166,"false","[""fishing"", ""skiing"", ""squash""]","skiing"
"12","wrestling",206,"false","[""fencing"", ""squash"", ""volleyball"", ""sailing"", ""pingpong"", ""baseball""]","sailing"
"24","kickboxing",179,"true","[""cricket"", ""badminton"", ""chess"", ""hunting""]","hunting"
"5","weightlifting",36,"true","[""sailing"", ""running""]","sailing"
"21","cycling",288,"true","[""luge"", ""tennis"", ""rowing"", ""mma""]","tennis"
"13","wrestling",207,"true","[""soccer"", ""ice hockey"", ""darts"", ""skiing""]","ice hockey"
"20","horse racing",257,"true","[""rowing"", ""golf"", ""badminton""]","golf"
"9","wrestling",229,"false","[""volleyball"", ""wrestling"", ""polo"", ""skating""]","skating"
"8","darts",264,"false","[""fencing"", ""tennis"", ""biathlon"", ""water polo"", ""bowling""]","water polo"
"19","kickboxing",166,"false","[""rowing"", ""ice hockey""]","ice hockey"
"21","billiards",91,"true","[""cricket"", ""tennis"", ""gymnastics"", ""weightlifting""]","weightlifting"
"13","surfing",268,"true","[""football"", ""water polo"", ""hockey"", ""curling""]","hockey"
"17","swimming",300,"true","[""shooting"", ""kickboxing"", ""hunting"", ""fishing"", ""bowling""]","kickboxing"
"13","poker",190,"false","[""football"", ""fishing"", ""boxing""]","fishing"
"15","karate",90,"false","[""volleyball"", ""polo"", ""pingpong"", ""tennis""]","polo"
"5","squash",52,"true","[""fishing"", ""bowling""]","bowling"
"10","football",76,"true","[""poker"", ""karate""]","karate"
"18","ice hockey",76,"false","[""snowboarding"", ""biathlon"", ""boxing"", ""running""]","biathlon"
"23","rowing",104,"true","[""tennis"", ""judo"", ""football"", ""running"", ""kickboxing"", ""billiards""]","running"
"9","poker",156,"true","[""surfing"", ""fishing"", ""ice hockey""]","fishing"
"20","weightlifting",119,"false","[""equestrian"", ""gymnastics"", ""snowboarding"", ""hockey"", ""skiing""]","gymnastics"
"14","snowboarding",76,"true","[""bobsleigh"", ""sailing"", ""wrestling""]","bobsleigh"
"5","swimming",273,"false","[""pingpong"", ""skating""]","skating"
"8","squash",265,"true","[""luge"", ""basketball"", ""kickboxing"", ""poker"", ""pingpong""]","basketball"
"21","polo",166,"false","[""volleyball"", ""poker"", ""archery""]","poker"
"19","golf",79,"false","[""archery"", ""mma"", ""rowing"", ""kickboxing"", ""weightlifting""]","archery"
"10","billiards",294,"false","[""wrestling"", ""bowling""]","bowling"
"19","cycling",38,"true","[""fencing"", ""water polo"", ""tennis"", ""weightlifting""]","weightlifting"
"24","biathlon",87,"false","[""squash"", ""rowing"", ""curling""]","rowing"
"8","luge",95,"false","[""curling"", ""weightlifting"", ""hunting""]","curling"
"6","golf",113,"true","[""biathlon"", ""volleyball"", ""boxing"", ""hockey"", ""chess"", ""table tennis""]","boxing"
"15","boxing",108,"false","[""cricket"", ""surfing"", ""poker"", ""shooting""]","surfing"
"23","football",266,"true","[""cricket"", ""kickboxing"", ""ice hockey"", ""curling""]","kickboxing"
"6","soccer",133,"true","[""karate"", ""gymnastics"", ""horse racing"", ""hockey"", ""chess""]","hockey"
"5","snooker",118,"true","[""surfing"", ""tennis"", ""squash"", ""sailing"", ""golf""]","golf"
"1","volleyball",81,"true","[""squash"", ""taekwondo"", ""skating"", ""golf"", ""skiing""]","skiing"
"4","billiards",201,"false","[""fishing"", ""equestrian"", ""skiing""]","fishing"
"13","skating",80,"false","[""billiards"", ""ice hockey""]","billiards"
"2","skating",181,"false","[""luge"", ""swimming"", ""weightlifting""]","swimming"
"22","basketball",277,"false","[""surfing"", ""boxing"", ""gymnastics"", ""ice hockey""]","boxing"
"24","badminton",30,"true","[""cricket"", ""soccer"", ""poker"", ""curling""]","curling"
"4","weightlifting",105,"false","[""skating"", ""bowling"", ""boxing"", ""kickboxing"", ""hockey"", ""rugby""]","boxing"
"8","surfing",81,"true","[""cricket"", ""chess"", ""curling""]","chess"
"15","cycling",49,"true","[""table tennis"", ""tennis"", ""pingpong"", ""skiing""]","pingpong"
"9","hunting",251,"false","[""tennis"", ""archery"", ""shooting"", ""sailing"", ""darts""]","darts"
"17","soccer",43,"true","[""cricket"", ""equestrian"", ""swimming"", ""snowboarding"", ""boxing"", ""water polo""]","cricket"
"13","rowing",154,"false","[""polo"", ""snooker"", ""running"", ""table tennis"", ""bowling""]","running"
"4","soccer",179,"true","[""cycling"", ""shooting"", ""volleyball"", ""taekwondo"", ""fishing"", ""pingpong""]","taekwondo"
"11","poker",72,"false","[""fishing"", ""tennis"", ""boxing"", ""hunting""]","tennis"
"24","polo",299,"true","[""luge"", ""equestrian"", ""baseball"", ""horse racing""]","equestrian"
"7","curling",244,"false","[""fishing"", ""snowboarding""]","fishing"
"15","wrestling",242,"false","[""table tennis"", ""tennis""]","table tennis"
"24","billiards",217,"false","[""surfing"", ""mma"", ""poker""]","mma"
"24","weightlifting",236,"false","[""bowling"", ""skiing"", ""hunting""]","skiing"
"5","rowing",36,"false","[""shooting"", ""wrestling"", ""golf"", ""rugby""]","wrestling"
"21","pingpong",92,"true","[""rugby"", ""bowling""]","bowling"
"15","fishing",247,"true","[""baseball"", ""biathlon"", ""chess""]","chess"
"6","water polo",144,"false","[""fencing"", ""tennis"", ""shooting"", ""rowing"", ""hockey"", ""water polo""]","water polo"
"22","archery",60,"false","[""football"", ""billiards"", ""ice hockey"", ""hunting""]","ice hockey"
"24","golf",141,"true","[""soccer"", ""darts"", ""weightlifting"", ""badminton""]","darts"
"6","weightlifting",32,"true","[""soccer"", ""badminton""]","badminton"
"7","archery",206,"true","[""taekwondo"", ""kickboxing"", ""bowling""]","bowling"
"1","fishing",87,"false","[""swimming"", ""ice hockey""]","swimming"
"4","mma",110,"true","[""wrestling"", ""mma"", ""skiing"", ""hunting""]","skiing"
"4","darts",42,"true","[""billiards"", ""table tennis"", ""golf"", ""weightlifting"", ""hunting""]","golf"
"19","skating",198,"true","[""fishing"", ""tennis"", ""mma""]","fishing"
"24","sailing",203,"true","[""bobsleigh"", ""snowboarding"", ""weightlifting"", ""rowing"", ""skiing""]","weightlifting"
"11","fencing",269,"false","[""cricket"", ""cycling"", ""poker"", ""ice hockey"", ""hunting""]","cricket"
"20","rugby",201,"false","[""cycling"", ""fishing"", ""hunting"", ""chess""]","fishing"
"5","fencing",172,"true","[""surfing"", ""volleyball"", ""polo"", ""taekwondo""]","surfing"
"12","kickboxing",97,"true","[""biathlon"", ""judo"", ""football"", ""swimming"", ""rowing"", ""kickboxing""]","kickboxing"
"1","weightlifting",283,"true","[""cycling"", ""equestrian"", ""squash"", ""volleyball"", ""running"", ""basketball""]","basketball"
"16","boxing",168,"true","[""polo"", ""mma"", ""taekwondo"", ""basketball"", ""darts"", ""billiards""]","basketball"
"6","skating",186,"false","[""squash"", ""bobsleigh"", ""snowboarding"", ""chess"", ""fishing"", ""rugby""]","squash"
"19","curling",239,"false","[""rugby"", ""sailing"", ""fishing"", ""skiing"", ""bowling""]","sailing"
"12","fencing",267,"false","[""squash"", ""mma"", ""poker"", ""baseball"", ""bowling""]","baseball"
"8","archery",144,"true","[""basketball"", ""sailing""]","basketball"
"20","hockey",174,"false","[""tennis"", ""fencing"", ""bobsleigh"", ""sailing"", ""snowboarding"", ""fishing""]","bobsleigh"
"17","table tennis",130,"true","[""ice hockey"", ""golf"", ""pingpong"", ""hockey""]","golf"
"15","equestrian",174,"false","[""archery"", ""bobsleigh"", ""kickboxing"", ""billiards"", ""skiing"", ""badminton""]","skiing"
"4","wrestling",115,"true","[""basketball"", ""billiards"", ""biathlon""]","billiards"
"3","weightlifting",257,"true","[""wrestling"", ""gymnastics"", ""chess""]","chess"
"4","karate",191,"true","[""basketball"", ""bowling"", ""badminton""]","bowling"
"14","basketball",228,"false","[""cycling"", ""equestrian"", ""sailing"", ""ice hockey"", ""water polo""]","equestrian"
"17","wrestling",155,"true","[""tennis"", ""curling"", ""mma"", ""bowling"", ""billiards"", ""badminton""]","curling"
"11","skating",253,"false","[""shooting"", ""rugby""]","rugby"
"21","gymnastics",132,"false","[""wrestling"", ""fencing"", ""boxing""]","fencing"
"21","bowling",127,"false","[""luge"", ""shooting"", ""mma"", ""bobsleigh"", ""weightlifting""]","luge"
"24","wrestling",258,"true","[""sailing"", ""squash""]","sailing"
"24","bowling",239,"false","[""luge"", ""archery"", ""shooting"", ""horse racing"", ""rugby""]","shooting"
"20","equestrian",196,"false","[""football"", ""skating"", ""badminton""]","badminton"
"21","biathlon",223,"true","[""surfing"", ""tennis"", ""karate""]","surfing"
"22","billiards",132,"true","[""surfing"", ""darts"", ""hockey""]","hockey"
"21","snowboarding",271,"true","[""boxing"", ""kickboxing"", ""skating"", ""bowling""]","kickboxing"
"14","kickboxing",164,"false","[""cycling"", ""tennis"", ""taekwondo"", ""darts"", ""billiards""]","taekwondo"
"1","snooker",276,"true","[""weightlifting"", ""chess""]","weightlifting"
"17","luge",169,"false","[""table tennis"", ""volleyball"", ""swimming"", ""chess""]","volleyball"
"19","boxing",298,"false","[""billiards"", ""skiing"", ""hunting""]","skiing"
"20","volleyball",296,"false","[""volleyball"", ""taekwondo"", ""judo"", ""hunting""]","judo"
"23","soccer",159,"true","[""biathlon"", ""archery"", ""volleyball"", ""running"", ""darts"", ""badminton""]","biathlon"
"1","baseball",59,"true","[""cycling"", ""equestrian""]","cycling"
"19","taekwondo",288,"false","[""judo"", ""gymnastics""]","gymnastics"
"20","bowling",57,"false","[""billiards"", ""basketball"", ""squash""]","squash"
"4","cricket",68,"true","[""biathlon"", ""karate""]","biathlon"
"9","kickboxing",115,"true","[""fencing"", ""mma"", ""karate"", ""running"", ""soccer"", ""golf""]","fencing"
"16","darts",128,"false","[""cycling"", ""skating"", ""chess"", ""baseball"", ""hunting""]","chess"
"5","running",156,"true","[""equestrian"", ""snooker"", ""snowboarding"", ""kickboxing"", ""fishing"", ""bowling""]","bowling"
"5","pingpong",71,"false","[""polo"", ""squash"", ""running"", ""chess"", ""pingpong""]","running"
"10","curling",250,"true","[""boxing"", ""bowling"", ""rugby""]","bowling"
"19","shooting",289,"false","[""swimming"", ""skating""]","swimming"
"4","chess",197,"false","[""wrestling"", ""curling""]","curling"
"12","biathlon",163,"false","[""surfing"", ""polo"", ""tennis"", ""swimming"", ""mma""]","surfing"
"19","soccer",240,"false","[""football"", ""karate"", ""ice hockey"", ""fishing"", ""pingpong""]","pingpong"
"10","water polo",203,"false","[""cycling"", ""sailing"", ""pingpong"", ""skiing""]","sailing"
"14","karate",244,"false","[""cycling"", ""swimming""]","cycling"
"21","equestrian",132,"true","[""karate"", ""ice hockey"", ""chess"", ""table tennis"", ""hunting""]","table tennis"
"13","shooting",238,"false","[""fencing"", ""water polo"", ""baseball""]","baseball"
"5","mma",135,"false","[""weightlifting"", ""badminton""]","weightlifting"
"7","biathlon",240,"true","[""surfing"", ""equestrian"", ""skating"", ""darts"", ""billiards"", ""bowling""]","skating"
"24","snowboarding",287,"false","[""shooting"", ""snowboarding"", ""fishing"", ""biathlon""]","fishing"
"17","chess",144,"true","[""water polo"", ""poker"", ""weightlifting"", ""archery""]","water polo"
"17","boxing",127,"false","[""cycling"", ""boxing"", ""polo"", ""darts""]","cycling"
"22","sailing",283,"false","[""biathlon"", ""archery""]","archery"
"6","rugby",101,"true","[""fencing"", ""tennis"", ""snooker"", ""taekwondo"", ""table tennis"", ""pingpong""]","table tennis"
"23","billiards",211,"false","[""baseball"", ""skiing"", ""rugby""]","rugby"
"19","karate",176,"true","[""luge"", ""rowing""]","luge"
"10","hunting",120,"false","[""fishing"", ""swimming"", ""hockey"", ""bowling""]","bowling"
"18","football",68,"true","[""fencing"", ""running"", ""horse racing"", ""weightlifting"", ""bowling""]","fencing"
"24","swimming",151,"false","[""chess"", ""pingpong"", ""baseball"", ""bowling""]","pingpong"
"19","pingpong",153,"false","[""volleyball"", ""swimming"", ""horse racing"", ""bowling""]","swimming"
"6","billiards",277,"false","[""cricket"", ""snowboarding"", ""horse racing"", ""squash""]","squash"
"9","bowling",195,"false","[""fishing"", ""skating"", ""bobsleigh"", ""darts"", ""table tennis""]","darts"
"2","soccer",197,"false","[""soccer"", ""karate""]","soccer"
"19","table tennis",77,"false","[""polo"", ""hockey"", ""hunting""]","polo"
"1","soccer",161,"true","[""mma"", ""kickboxing"", ""darts"", ""wrestling"", ""golf"", ""hunting""]","golf"
"23","ice hockey",131,"true","[""snowboarding"", ""rugby""]","snowboarding"
"22","equestrian",167,"true","[""cycling"", ""darts""]","cycling"
"4","skiing",76,"false","[""cycling"", ""squash""]","cycling"
"19","baseball",149,"true","[""squash"", ""football"", ""rugby"", ""bobsleigh"", ""badminton""]","football"
"9","sailing",93,"true","[""mma"", ""gymnastics"", ""skiing"", ""bowling""]","gymnastics"
"2","tennis",140,"true","[""wrestling"", ""polo"", ""rugby"", ""snowboarding""]","snowboarding"
"22","rowing",72,"true","[""wrestling"", ""tennis""]","tennis"
"12","football",156,"false","[""volleyball"", ""sailing"", ""pingpong"", ""bowling""]","bowling"
"21","water polo",226,"true","[""snowboarding"", ""equestrian"", ""bowling""]","bowling"
"19","snowboarding",271,"true","[""fishing"", ""badminton""]","badminton"
"16","fishing",38,"true","[""cycling"", ""luge"", ""surfing"", ""bowling"", ""ice hockey"", ""badminton""]","badminton"
"8","hunting",123,"false","[""soccer"", ""pingpong"", ""mma"", ""biathlon""]","mma"
"21","hunting",56,"true","[""cricket"", ""archery"", ""swimming"", ""rowing"", ""wrestling"", ""table tennis""]","swimming"
"16","sailing",149,"true","[""shooting"", ""volleyball""]","shooting"
"24","mma",211,"false","[""billiards"", ""equestrian"", ""taekwondo"", ""snooker""]","billiards"
"24","rowing",120,"false","[""luge"", ""rugby"", ""squash""]","rugby"
"14","polo",231,"true","[""basketball"", ""squash""]","basketball"
"6","equestrian",32,"true","[""skating"", ""sailing"", ""kickboxing"", ""ice hockey""]","ice hockey"
"7","running",66,"true","[""luge"", ""curling"", ""mma"", ""karate"", ""hunting""]","luge"
"24","ice hockey",116,"true","[""luge"", ""snooker""]","snooker"
"5","taekwondo",200,"true","[""pingpong"", ""badminton"", ""biathlon"", ""running""]","badminton"
"23","water polo",268,"false","[""bowling"", ""bobsleigh"", ""running"", ""wrestling"", ""baseball"", ""hunting""]","wrestling"
"17","baseball",225,"false","[""curling"", ""archery"", ""taekwondo"", ""basketball"", ""horse racing"", ""ice hockey""]","horse racing"
"1","archery",61,"true","[""surfing"", ""archery"", ""volleyball"", ""swimming"", ""darts"", ""baseball""]","baseball"
"15","gymnastics",84,"true","[""mma"", ""badminton""]","mma"
"23","basketball",294,"true","[""equestrian"", ""boxing"", ""mma""]","mma"
"22","horse racing",136,"true","[""baseball"", ""squash""]","squash"
"20","running",207,"true","[""cricket"", ""fencing"", ""mma"", ""skating"", ""horse racing""]","fencing"
"5","water polo",227,"false","[""pingpong"", ""hunting""]","pingpong"
"16","running",269,"false","[""golf"", ""taekwondo"", ""poker"", ""biathlon""]","golf"
"11","sailing",100,"true","[""cycling"", ""kickboxing"", ""skating""]","skating"
"3","basketball",30,"true","[""table tennis"", ""ice hockey"", ""weightlifting"", ""badminton""]","ice hockey"
"8","shooting",164,"true","[""tennis"", ""judo"", ""karate"", ""snowboarding"", ""pingpong"", ""rugby""]","tennis"
"15","bowling",291,"true","[""shooting"", ""sailing"", ""badminton""]","sailing"
"19","rowing",255,"true","[""baseball"", ""gymnastics""]","gymnastics"
"8","chess",96,"true","[""surfing"", ""running"", ""hockey"", ""chess"", ""table tennis"", ""water polo""]","hockey"
"20","hunting",66,"true","[""shooting"", ""gymnastics"", ""snowboarding"", ""boxing"", ""soccer"", ""skiing""]","boxing"
"15","cricket",261,"true","[""snowboarding"", ""pingpong""]","snowboarding"
"10","taekwondo",186,"false","[""cricket"", ""tennis"", ""volleyball"", ""basketball"", ""chess"", ""table tennis""]","cricket"
"8","cricket",215,"true","[""surfing"", ""table tennis"", ""pingpong"", ""skiing""]","pingpong"
"24","taekwondo",181,"true","[""kickboxing"", ""gymnastics""]","gymnastics"
"5","biathlon",174,"true","[""wrestling"", ""badminton""]","badminton"
"4","bowling",77,"true","[""shooting"", ""fishing"", ""darts"", ""hockey""]","darts"
"9","squash",68,"false","[""shooting"", ""skating"", ""sailing"", ""baseball"", ""hunting""]","shooting"
"23","weightlifting",62,"true","[""football"", ""biathlon""]","biathlon"
"23","wrestling",48,"false","[""cricket"", ""swimming"", ""water polo""]","water polo"
"4","shooting",41,"true","[""basketball"", ""tennis"", ""rowing"", ""gymnastics""]","basketball"
"21","kickboxing",179,"true","[""rugby"", ""kickboxing"", ""hockey"", ""table tennis"", ""bowling""]","bowling"
"5","equestrian",263,"false","[""equestrian"", ""taekwondo"", ""running"", ""horse racing"", ""pingpong"", ""hunting""]","horse racing"
"24","curling",162,"false","[""cycling"", ""tennis"", ""taekwondo"", ""karate"", ""sailing"", ""horse racing""]","horse racing"
"10","equestrian",202,"true","[""bobsleigh"", ""bowling"", ""squash""]","squash"
"22","darts",65,"false","[""cycling"", ""snowboarding"", ""chess"", ""water polo"", ""bowling""]","bowling"
"20","skating",181,"true","[""snooker"", ""archery"", ""mma"", ""karate"", ""basketball"", ""soccer""]","karate"
"20","mma",147,"true","[""curling"", ""swimming"", ""snowboarding"", ""fishing"", ""table tennis""]","fishing"
"18","basketball",245,"true","[""sailing"", ""squash"", ""baseball"", ""running""]","sailing"
"6","archery",151,"false","[""fencing"", ""equestrian"", ""football"", ""karate"", ""ice hockey""]","karate"
"24","baseball",206,"true","[""tennis"", ""taekwondo"", ""bowling""]","taekwondo"
"6","rowing",220,"false","[""kickboxing"", ""skating""]","kickboxing"
"5","table tennis",149,"true","[""tennis"", ""archery"", ""bowling"", ""wrestling"", ""skiing"", ""badminton""]","bowling"
"2","fishing",264,"false","[""skiing"", ""rugby""]","rugby"
"24","fencing",263,"false","[""soccer"", ""skating"", ""rugby""]","soccer"
"10","bowling",111,"false","[""billiards"", ""judo"", ""baseball"", ""snooker""]","judo"
"13","equestrian",76,"true","[""volleyball"", ""rowing"", ""chess"", ""soccer"", ""weightlifting"", ""rugby""]","weightlifting"
"1","shooting",149,"true","[""equestrian"", ""biathlon"", ""golf"", ""baseball"", ""weightlifting""]","baseball"
"17","weightlifting",172,"true","[""shooting"", ""hunting"", ""chess""]","hunting"
"5","poker",226,"true","[""cycling"", ""judo"", ""swimming"", ""soccer"", ""fishing"", ""pingpong""]","pingpong"
"17","surfing",246,"true","[""surfing"", ""fencing"", ""tennis"", ""volleyball"", ""running"", ""golf""]","volleyball"
"4","cycling",50,"false","[""cycling"", ""skiing""]","skiing"
"7","fishing",263,"false","[""luge"", ""archery"", ""gymnastics"", ""sailing"", ""hockey""]","sailing"
"2","fencing",108,"false","[""soccer"", ""sailing"", ""swimming"", ""pingpong""]","soccer"
"5","bowling",237,"true","[""darts"", ""badminton""]","darts"
"6","badminton",154,"true","[""snooker"", ""bobsleigh"", ""darts"", ""fishing"", ""baseball"", ""rugby""]","bobsleigh"
"20","polo",189,"false","[""cricket"", ""gymnastics"", ""skiing""]","cricket"
"20","cricket",183,"false","[""squash"", ""horse racing"", ""fishing"", ""baseball"", ""rugby""]","rugby"
"16","billiards",116,"false","[""luge"", ""snowboarding""]","luge"
"23","poker",106,"false","[""snowboarding"", ""squash"", ""rugby"", ""bowling""]","bowling"
"23","mma",167,"false","[""surfing"", ""swimming"", ""archery""]","archery"
"2","judo",44,"true","[""cricket"", ""table tennis"", ""skiing""]","skiing"
"24","fishing",166,"false","[""cricket"", ""surfing"", ""fencing"", ""karate"", ""sailing""]","surfing"
"10","bowling",97,"true","[""fencing"", ""tennis"", ""judo"", ""rowing"", ""skiing""]","tennis"
"1","football",272,"true","[""karate"", ""sailing"", ""kickboxing"", ""hockey"", ""chess""]","hockey"
"7","snowboarding",51,"true","[""shooting"", ""bobsleigh"", ""hockey""]","hockey"
"2","sailing",176,"false","[""cricket"", ""fencing"", ""snooker"", ""gymnastics"", ""snowboarding"", ""pingpong""]","cricket"
"23","hunting",109,"true","[""luge"", ""fishing"", ""equestrian""]","equestrian"
"19","cricket",34,"false","[""luge"", ""basketball"", ""surfing"", ""tennis""]","luge"
"13","running",71,"true","[""mma"", ""chess""]","mma"
"1","equestrian",106,"false","[""fencing"", ""wrestling"", ""sailing"", ""boxing"", ""chess"", ""fishing""]","wrestling"
"3","baseball",152,"false","[""luge"", ""billiards"", ""hockey""]","billiards"
"12","snowboarding",60,"false","[""rowing"", ""horse racing"", ""skating""]","skating"
"16","snowboarding",192,"true","[""football"", ""judo"", ""ice hockey"", ""hunting""]","ice hockey"
"8","bowling",278,"false","[""cycling"", ""judo"", ""shooting"", ""karate"", ""chess""]","cycling"
"10","pingpong",65,"false","[""darts"", ""gymnastics"", ""hunting""]","darts"
"13","football",163,"true","[""taekwondo"", ""table tennis"", ""boxing""]","table tennis"
"11","mma",260,"false","[""bobsleigh"", ""basketball"", ""horse racing"", ""chess""]","horse racing"
"12","volleyball",55,"true","[""cricket"", ""chess""]","chess"
"17","hunting",69,"true","[""volleyball"", ""baseball"", ""hockey""]","hockey"
"12","judo",113,"true","[""equestrian"", ""swimming"", ""taekwondo"", ""chess"", ""pingpong"", ""rugby""]","chess"
"7","tennis",224,"true","[""soccer"", ""golf"", ""rugby""]","rugby"
"23","skiing",163,"false","[""billiards"", ""horse racing"", ""curling""]","horse racing"
"15","mma",196,"false","[""football"", ""rowing"", ""golf"", ""curling""]","rowing"
"20","gymnastics",178,"true","[""cricket"", ""biathlon"", ""swimming"", ""gymnastics"", ""basketball"", ""darts""]","swimming"
"9","tennis",144,"true","[""luge"", ""snowboarding"", ""polo"", ""swimming""]","swimming"
"22","curling",199,"false","[""shooting"", ""kickboxing"", ""darts"", ""boxing"", ""chess""]","darts"
"11","squash",119,"false","[""surfing"", ""fencing"", ""snooker"", ""sailing"", ""table tennis""]","surfing"
"24","hunting",101,"false","[""table tennis"", ""squash"", ""archery""]","archery"
"19","equestrian",64,"true","[""squash"", ""swimming"", ""billiards"", ""pingpong"", ""water polo"", ""weightlifting""]","water polo"
"13","hockey",58,"true","[""table tennis"", ""karate""]","karate"
"16","bowling",220,"true","[""rowing"", ""darts"", ""ice hockey"", ""hockey"", ""table tennis""]","ice hockey"
"3","bobsleigh",271,"true","[""basketball"", ""fencing"", ""mma""]","basketball"
"14","biathlon",150,"false","[""judo"", ""taekwondo"", ""kickboxing"", ""pingpong"", ""water polo"", ""bowling""]","water polo"
"3","boxing",48,"true","[""luge"", ""curling"", ""running"", ""soccer"", ""golf"", ""baseball""]","golf"
"8","ice hockey",155,"false","[""taekwondo"", ""biathlon"", ""poker"", ""mma""]","poker"
"5","baseball",262,"false","[""bowling"", ""table tennis"", ""gymnastics"", ""running""]","bowling"
"8","baseball",82,"false","[""volleyball"", ""equestrian"", ""gymnastics""]","equestrian"
"8","sailing",285,"false","[""surfing"", ""weightlifting""]","weightlifting"
"16","golf",216,"false","[""shooting"", ""rowing"", ""horse racing""]","horse racing"
"6","polo",208,"false","[""luge"", ""baseball"", ""hockey""]","luge"
"18","skating",147,"false","[""billiards"", ""tennis"", ""pingpong""]","billiards"
"14","ice hockey",65,"true","[""volleyball"", ""snowboarding"", ""kickboxing"", ""darts"", ""fishing"", ""badminton""]","kickboxing"
"6","poker",188,"false","[""surfing"", ""snowboarding"", ""fencing"", ""water polo""]","snowboarding"
"6","ice hockey",295,"false","[""surfing"", ""tennis"", ""swimming"", ""basketball"", ""boxing"", ""wrestling""]","boxing"
"2","cricket",204,"false","[""cricket"", ""archery"", ""running""]","cricket"
"4","baseball",85,"true","[""surfing"", ""biathlon"", ""football"", ""hockey"", ""hunting""]","hunting"
"10","horse racing",293,"false","[""polo"", ""horse racing""]","horse racing"
"15","swimming",31,"true","[""pingpong"", ""gymnastics"", ""badminton""]","gymnastics"
"24","darts",185,"true","[""curling"", ""football"", ""bobsleigh"", ""fishing"", ""bowling""]","football"
"13","billiards",235,"false","[""baseball"", ""running"", ""bowling""]","baseball"
"24","water polo",222,"false","[""luge"", ""tennis"", ""biathlon"", ""skating"", ""weightlifting""]","biathlon"
"8","snooker",228,"false","[""snowboarding"", ""bowling""]","snowboarding"
"18","equestrian",126,"true","[""luge"", ""fencing"", ""archery"", ""taekwondo"", ""snowboarding"", ""baseball""]","fencing"
"16","volleyball",150,"false","[""bobsleigh"", ""hockey"", ""badminton""]","bobsleigh"
"16","cricket",54,"true","[""shooting"", ""badminton"", ""soccer"", ""squash""]","shooting"
"24","chess",137,"false","[""taekwondo"", ""snowboarding"", ""mma"", ""horse racing""]","snowboarding"
"3","taekwondo",215,"true","[""billiards"", ""water polo"", ""archery""]","billiards"
"3","fencing",109,"true","[""surfing"", ""biathlon"", ""darts"", ""horse racing"", ""fishing""]","surfing"
"16","gymnastics",106,"true","[""tennis"", ""baseball"", ""mma""]","baseball"
"2","basketball",170,"false","[""volleyball"", ""sailing"", ""hockey"", ""soccer"", ""baseball""]","sailing"
"22","bobsleigh",225,"true","[""fencing"", ""wrestling"", ""karate"", ""skating"", ""table tennis""]","karate"
"4","hockey",144,"true","[""cycling"", ""cricket"", ""football"", ""karate"", ""boxing"", ""chess""]","karate"
"11","water polo",241,"false","[""football"", ""taekwondo"", ""rowing"", ""darts"", ""bowling""]","rowing"
"4","rowing",117,"true","[""surfing"", ""biathlon"", ""snooker"", ""skating"", ""rowing""]","rowing"
"17","football",228,"true","[""fishing"", ""chess""]","fishing"
"24","archery",237,"true","[""golf"", ""skating"", ""bowling""]","skating"
"1","ice hockey",233,"true","[""cycling"", ""cricket"", ""football"", ""darts"", ""water polo"", ""bowling""]","darts"
"15","table tennis",273,"true","[""swimming"", ""horse racing""]","horse racing"
"6","luge",71,"false","[""karate"", ""skating"", ""snowboarding"", ""horse racing"", ""water polo"", ""baseball""]","baseball"
"3","wrestling",292,"true","[""tennis"", ""badminton""]","badminton"
"1","bowling",46,"false","[""swimming"", ""karate"", ""bowling"", ""ice hockey"", ""baseball"", ""hunting""]","karate"
"5","bobsleigh",190,"false","[""bobsleigh"", ""billiards"", ""bowling""]","bobsleigh"
"3","chess",76,"true","[""luge"", ""curling"", ""mma"", ""chess"", ""badminton""]","mma"
"18","surfing",227,"true","[""mma"", ""bobsleigh"", ""kickboxing"", ""horse racing"", ""wrestling"", ""water polo""]","mma"
"12","water polo",57,"false","[""sailing"", ""pingpong""]","pingpong"
"3","tennis",218,"true","[""equestrian"", ""snooker"", ""volleyball"", ""skating"", ""weightlifting""]","equestrian"
"1","taekwondo",163,"true","[""squash"", ""baseball"", ""ice hockey"", ""running""]","baseball"
"10","snowboarding",177,"false","[""shooting"", ""billiards""]","billiards"
"10","judo",39,"true","[""cycling"", ""darts"", ""soccer"", ""billiards"", ""weightlifting""]","cycling"
"17","rugby",157,"true","[""fencing"", ""mma"", ""darts"", ""ice hockey"", ""soccer"", ""skiing""]","ice hockey"
"17","judo",297,"false","[""football"", ""table tennis"", ""curling"", ""rugby""]","curling"
"5","wrestling",281,"true","[""cycling"", ""cricket""]","cycling"
"5","football",278,"false","[""soccer"", ""bowling"", ""hunting""]","bowling"
"14","surfing",255,"false","[""luge"", ""snooker""]","luge"
"24","snooker",171,"false","[""surfing"", ""cycling"", ""squash"", ""volleyball"", ""rowing""]","cycling"
"22","chess",280,"false","[""tennis"", ""snooker"", ""archery"", ""darts"", ""horse racing"", ""golf""]","golf"
"6","karate",185,"false","[""judo"", ""volleyball"", ""taekwondo"", ""rowing"", ""pingpong""]","rowing"
"1","poker",279,"false","[""luge"", ""cycling"", ""snooker"", ""snowboarding"", ""poker"", ""badminton""]","badminton"
"9","water polo",147,"false","[""biathlon"", ""curling"", ""shooting"", ""boxing"", ""pingpong"", ""water polo""]","biathlon"
"4","squash",98,"false","[""volleyball"", ""boxing"", ""darts""]","darts"
"18","hunting",111,"true","[""basketball"", ""volleyball""]","volleyball"
"12","polo",114,"true","[""fencing"", ""judo""]","judo"
"22","golf",76,"false","[""gymnastics"", ""badminton""]","gymnastics"
"3","bowling",177,"true","[""cycling"", ""water polo"", ""bowling""]","cycling"
"12","basketball",140,"true","[""volleyball"", ""fishing"", ""taekwondo"", ""skating""]","volleyball"
"14","golf",236,"true","[""running"", ""weightlifting"", ""chess""]","running"
"18","squash",138,"true","[""sailing"", ""snowboarding"", ""poker"", ""table tennis"", ""weightlifting""]","snowboarding"
"1","cycling",105,"true","[""swimming"", ""hunting""]","hunting"
"21","karate",156,"false","[""sailing"", ""wrestling"", ""basketball""]","basketball"
"1","biathlon",203,"false","[""surfing"", ""judo"", ""ice hockey""]","surfing"
"5","darts",197,"true","[""luge"", ""ice hockey"", ""archery""]","luge"
"13","biathlon",72,"false","[""tennis"", ""water polo""]","water polo"
"6","surfing",150,"true","[""sailing"", ""water polo"", ""taekwondo""]","sailing"
"9","soccer",82,"true","[""volleyball"", ""mma"", ""ice hockey""]","ice hockey"
"20","water polo",77,"false","[""judo"", ""snooker"", ""football"", ""gymnastics"", ""chess""]","judo"
"23","badminton",277,"true","[""wrestling"", ""running"", ""bobsleigh"", ""billiards"", ""golf""]","golf"
"3","poker",139,"true","[""horse racing"", ""kickboxing"", ""poker"", ""mma""]","kickboxing"
"24","tennis",87,"true","[""wrestling"", ""equestrian""]","wrestling"
"13","sailing",111,"true","[""surfing"", ""wrestling"", ""swimming"", ""chess"", ""fishing""]","swimming"
"9","boxing",214,"true","[""bobsleigh"", ""billiards"", ""running"", ""bowling""]","bobsleigh"
"15","shooting",38,"true","[""surfing"", ""weightlifting""]","weightlifting"
"15","rugby",244,"false","[""luge"", ""curling"", ""archery"", ""swimming"", ""mma"", ""rugby""]","mma"
"17","sailing",54,"false","[""taekwondo"", ""mma""]","taekwondo"
"1","tennis",279,"true","[""volleyball"", ""sailing"", ""basketball"", ""darts"", ""table tennis""]","basketball"
"10","skating",183,"false","[""sailing"", ""volleyball"", ""taekwondo"", ""bowling""]","volleyball"
"18","fishing",109,"true","[""cycling"", ""polo"", ""bobsleigh"", ""poker"", ""table tennis"", ""rugby""]","rugby"
"22","bowling",178,"true","[""cricket"", ""mma"", ""boxing"", ""table tennis"", ""golf"", ""bowling""]","table tennis"
"23","kickboxing",276,"false","[""biathlon"", ""hockey""]","hockey"
"10","chess",297,"false","[""snowboarding"", ""volleyball"", ""rowing"", ""ice hockey""]","rowing"
"4","ice hockey",252,"false","[""sailing"", ""weightlifting""]","sailing"
"12","soccer",32,"true","[""biathlon"", ""skating"", ""bobsleigh"", ""basketball"", ""baseball"", ""skiing""]","baseball"
"7","bowling",72,"true","[""fencing"", ""weightlifting"", ""hunting""]","hunting"
"10","skiing",140,"false","[""wrestling"", ""rowing"", ""skating""]","rowing"
"11","football",145,"false","[""judo"", ""curling"", ""taekwondo"", ""gymnastics"", ""horse racing""]","horse racing"
"22","boxing",245,"false","[""taekwondo"", ""archery""]","taekwondo"
"14","tennis",68,"false","[""basketball"", ""fencing"", ""skating""]","skating"
"3","fishing",43,"false","[""sailing"", ""fishing""]","sailing"
"11","taekwondo",169,"false","[""luge"", ""gymnastics"", ""rowing"", ""judo""]","rowing"
"7","skiing",257,"false","[""biathlon"", ""karate"", ""rowing"", ""ice hockey"", ""chess""]","karate"
"1","rowing",73,"false","[""fencing"", ""snowboarding"", ""darts"", ""poker"", ""golf"", ""bowling""]","darts"
"20","judo",264,"true","[""biathlon"", ""squash"", ""taekwondo"", ""mma"", ""basketball"", ""soccer""]","soccer"
"11","equestrian",94,"false","[""curling"", ""shooting"", ""swimming"", ""karate"", ""hockey"", ""bowling""]","bowling"
"17","fencing",193,"true","[""football"", ""cricket"", ""mma""]","cricket"
"1","swimming",94,"true","[""swimming"", ""skating"", ""soccer"", ""fishing"", ""baseball""]","soccer"
"5","cricket",134,"true","[""bobsleigh"", ""table tennis"", ""swimming"", ""rugby""]","rugby"
"11","horse racing",107,"false","[""snooker"", ""bowling"", ""bobsleigh"", ""snowboarding"", ""badminton""]","bowling"
"12","bowling",232,"false","[""bobsleigh"", ""darts"", ""ice hockey"", ""billiards"", ""skiing""]","bobsleigh"
"12","badminton",155,"false","[""biathlon"", ""mma"", ""rowing"", ""ice hockey"", ""weightlifting""]","rowing"
"16","fencing",103,"false","[""rowing"", ""judo""]","rowing"
"18","mma",39,"true","[""tennis"", ""snooker"", ""judo"", ""ice hockey"", ""soccer"", ""fishing""]","ice hockey"
"12","skiing",227,"false","[""surfing"", ""snooker"", ""running"", ""snowboarding"", ""billiards"", ""water polo""]","running"
"13","taekwondo",122,"false","[""volleyball"", ""ice hockey""]","volleyball"
"20","golf",192,"true","[""surfing"", ""snowboarding"", ""horse racing"", ""skiing"", ""bowling""]","surfing"
"14","bowling",91,"true","[""bobsleigh"", ""equestrian"", ""kickboxing"", ""horse racing""]","equestrian"
"6","snowboarding",127,"true","[""snowboarding"", ""mma"", ""skating"", ""chess""]","chess"
"23","taekwondo",122,"true","[""kickboxing"", ""bowling""]","bowling"
"12","ice hockey",45,"false","[""surfing"", ""biathlon"", ""basketball"", ""horse racing"", ""billiards""]","surfing"
"21","squash",190,"false","[""cricket"", ""archery"", ""basketball"", ""rowing"", ""billiards""]","rowing"
"22","mma",208,"false","[""luge"", ""wrestling""]","luge"
"3","snowboarding",214,"true","[""curling"", ""rowing"", ""archery""]","curling"
"21","football",281,"true","[""soccer"", ""skating"", ""archery""]","archery"
"15","horse racing",192,"false","[""snowboarding"", ""judo"", ""hunting""]","judo"
"15","soccer",190,"true","[""biathlon"", ""karate"", ""basketball"", ""rowing"", ""golf""]","golf"
"11","pingpong",235,"false","[""darts"", ""poker"", ""hockey"", ""rugby""]","poker"
"10","ice hockey",73,"false","[""equestrian"", ""snooker"", ""horse racing""]","horse racing"
"17","water polo",287,"false","[""surfing"", ""biathlon"", ""squash"", ""sailing"", ""darts"", ""hunting""]","hunting"
"12","karate",244,"true","[""soccer"", ""wrestling"", ""tennis"", ""judo""]","tennis"
"13","chess",285,"true","[""cricket"", ""fencing"", ""tennis""]","tennis"
"8","weightlifting",60,"true","[""squash"", ""football"", ""kickboxing"", ""poker"", ""golf""]","squash"
"17","skating",281,"false","[""swimming"", ""boxing"", ""judo""]","boxing"
"3","darts",256,"true","[""sailing"", ""water polo""]","sailing"
"9","weightlifting",221,"true","[""football"", ""sailing"", ""boxing"", ""darts"", ""chess""]","football"
"24","rugby",49,"true","[""shooting"", ""sailing""]","sailing"
"17","badminton",296,"true","[""cycling"", ""luge"", ""archery"", ""table tennis"", ""water polo""]","archery"
"2","skiing",166,"true","[""volleyball"", ""gymnastics"", ""skating""]","skating"
"7","pingpong",183,"false","[""cycling"", ""fencing"", ""judo"", ""chess""]","chess"
"7","badminton",113,"true","[""archery"", ""curling"", ""karate"", ""soccer"", ""water polo"", ""skiing""]","skiing"
"10","shooting",170,"false","[""cricket"", ""snooker"", ""shooting"", ""karate"", ""table tennis""]","table tennis"
"16","polo",200,"true","[""cycling"", ""judo"", ""taekwondo"", ""hockey"", ""table tennis"", ""rugby""]","judo"
"22","judo",124,"false","[""volleyball"", ""skating"", ""chess""]","skating"
"18","billiards",106,"false","[""cricket"", ""weightlifting"", ""skating""]","weightlifting"
"9","rowing",213,"true","[""tennis"", ""skating""]","tennis"
"12","rowing",290,"true","[""luge"", ""polo"", ""tennis"", ""biathlon"", ""bowling""]","bowling"
"4","basketball",277,"false","[""wrestling"", ""horse racing"", ""hunting""]","wrestling"
"17","ice hockey",265,"false","[""water polo"", ""bobsleigh"", ""darts"", ""poker"", ""golf""]","golf"
"18","judo",93,"true","[""table tennis"", ""weightlifting"", ""skating""]","table tennis"
"5","cycling",157,"true","[""shooting"", ""tennis"", ""water polo"", ""bowling""]","shooting"
"4","snooker",121,"false","[""billiards"", ""archery""]","billiards"
"14","bobsleigh",148,"false","[""cycling"", ""polo"", ""biathlon"", ""squash"", ""running""]","cycling"
"12","curling",66,"true","[""fishing"", ""hunting"", ""bowling""]","fishing"
"23","judo",193,"false","[""polo"", ""rowing"", ""water polo""]","rowing"
"17","fishing",202,"true","[""bobsleigh"", ""equestrian"", ""skating""]","bobsleigh"
"3","curling",150,"false","[""soccer"", ""fishing"", ""weightlifting"", ""hunting""]","hunting"
"24","boxing",71,"true","[""surfing"", ""table tennis"", ""chess"", ""running""]","running"
"18","pingpong",287,"false","[""sailing"", ""snowboarding"", ""biathlon"", ""poker""]","poker"
"11","badminton",84,"true","[""shooting"", ""football"", ""taekwondo"", ""rowing""]","shooting"
"2","ice hockey",173,"true","[""horse racing"", ""squash""]","squash"
"20","squash",109,"false","[""cricket"", ""curling"", ""taekwondo"", ""rowing"", ""bowling""]","bowling"
"14","rowing",65,"true","[""cricket"", ""poker"", ""running""]","running"
"18","bowling",290,"false","[""curling"", ""swimming"", ""basketball"", ""darts"", ""horse racing""]","horse racing"
"14","bowling",210,"true","[""surfing"", ""running"", ""snowboarding"", ""kickboxing"", ""chess"", ""fishing""]","surfing"
"11","chess",169,"true","[""curling"", ""snowboarding"", ""darts"", ""billiards"", ""pingpong""]","curling"
"8","rowing",287,"false","[""equestrian"", ""snowboarding"", ""hockey"", ""soccer"", ""rugby""]","soccer"
"19","gymnastics",132,"false","[""fencing"", ""karate""]","karate"
"9","rugby",207,"true","[""equestrian"", ""swimming"", ""chess"", ""wrestling"", ""weightlifting""]","wrestling"
"12","surfing",137,"true","[""snowboarding"", ""tennis"", ""chess"", ""bowling""]","chess"
"3","cricket",152,"true","[""golf"", ""skiing"", ""bowling""]","bowling"
"14","cycling",160,"false","[""poker"", ""curling""]","curling"
"23","bobsleigh",102,"true","[""archery"", ""shooting"", ""bowling"", ""squash""]","squash"
"8","fishing",299,"false","[""volleyball"", ""fencing""]","fencing"
"23","horse racing",34,"true","[""football"", ""gymnastics"", ""water polo"", ""horse racing""]","football"
"18","badminton",194,"true","[""cycling"", ""wrestling"", ""curling"", ""running""]","wrestling"
"1","darts",92,"false","[""fishing"", ""judo""]","fishing"
"15","squash",211,"true","[""billiards"", ""rowing"", ""weightlifting""]","billiards"
"7","karate",83,"true","[""luge"", ""snowboarding"", ""surfing"", ""badminton""]","surfing"
"1","luge",162,"true","[""table tennis"", ""equestrian""]","table tennis"
"13","soccer",79,"true","[""equestrian"", ""fencing"", ""sailing"", ""horse racing"", ""badminton""]","badminton"
"10","rugby",218,"true","[""cycling"", ""fencing"", ""taekwondo"", ""biathlon""]","cycling"
"16","hunting",200,"true","[""cricket"", ""snooker"", ""mma"", ""soccer"", ""weightlifting""]","cricket"
"2","curling",283,"false","[""cycling"", ""ice hockey""]","ice hockey"
"22","volleyball",251,"false","[""cycling"", ""biathlon"", ""squash""]","biathlon"
"9","darts",223,"true","[""baseball"", ""judo"", ""skating""]","judo"
"2","bowling",55,"false","[""snooker"", ""skiing""]","skiing"
"7","ice hockey",232,"true","[""fencing"", ""swimming"", ""hunting"", ""chess""]","fencing"
"5","hockey",86,"false","[""cricket"", ""boxing"", ""bowling""]","boxing"
"24","basketball",41,"false","[""shooting"", ""tennis"", ""rugby""]","tennis"
"9","archery",61,"false","[""fishing"", ""rowing"", ""boxing"", ""skiing""]","rowing"
"12","billiards",249,"false","[""surfing"", ""taekwondo"", ""kickboxing"", ""soccer"", ""golf""]","golf"
"2","badminton",278,"true","[""golf"", ""poker"", ""hockey"", ""badminton""]","hockey"
"12","snooker",208,"false","[""billiards"", ""judo""]","billiards"
"7","bobsleigh",162,"true","[""luge"", ""snooker"", ""sailing"", ""rowing"", ""boxing"", ""ice hockey""]","boxing"
"7","horse racing",219,"true","[""tennis"", ""swimming"", ""darts"", ""ice hockey"", ""table tennis""]","tennis"
"18","rowing",122,"true","[""squash"", ""sailing"", ""rowing"", ""horse racing"", ""hunting""]","horse racing"
"7","skating",222,"false","[""surfing"", ""cycling"", ""snooker"", ""kickboxing"", ""skiing""]","skiing"
"18","weightlifting",57,"true","[""football"", ""mma"", ""hockey"", ""shooting""]","mma"
"4","rugby",239,"true","[""fencing"", ""archery"", ""karate"", ""chess"", ""table tennis"", ""water polo""]","fencing"
